"Player","Team","POS","ATT","YDS","TDS","REC","YDS","TDS","FL","FPTS"
" "," ","","",""
"Cooper Kupp","LAR","WR1","4.2","24.4","0.1","120.6","1,553.4","12.0","0.8","349.0"
"Jonathan Taylor","IND","RB1","330.7","1,681.8","15.1","42.6","355.8","2.0","2.7","343.1"
"Austin Ekeler","LAC","RB2","223.3","998.0","9.8","75.2","657.1","5.4","2.3","327.1"
"Christian McCaffrey","CAR","RB3","236.6","1,058.1","7.5","85.9","708.8","3.7","2.1","325.1"
"Justin Jefferson","MIN","WR2","3.3","16.7","0.1","100.8","1,485.7","9.0","0.8","303.4"
"Derrick Henry","TEN","RB4","379.0","1,747.1","12.5","26.6","204.6","0.8","3.1","295.6"
"Ja'Marr Chase","CIN","WR3","8.4","44.8","0.2","89.0","1,359.1","9.8","0.9","287.3"
"Davante Adams","LV","WR4","0.0","0.0","0.0","104.8","1,299.0","8.3","0.7","283.2"
"Najee Harris","PIT","RB5","297.2","1,188.2","8.1","63.8","415.9","2.5","2.4","282.5"
"Stefon Diggs","BUF","WR5","0.3","2.5","0.0","101.3","1,246.1","9.2","0.8","279.6"
"Dalvin Cook","MIN","RB6","281.8","1,278.3","9.8","48.6","363.5","1.5","2.7","275.4"
"Travis Kelce","KC","TE1","0.0","0.0","0.0","101.3","1,202.9","9.0","0.8","274.2"
"Deebo Samuel","SF","WR6","59.0","344.0","4.6","71.0","1,061.8","5.5","1.6","269.4"
"Alvin Kamara","NO","RB7","205.4","872.9","7.0","60.7","548.7","4.5","1.8","267.7"
"CeeDee Lamb","DAL","WR7","6.7","51.8","0.1","91.8","1,226.0","7.9","0.7","266.1"
"Joe Mixon","CIN","RB8","288.1","1,194.8","9.9","44.6","306.8","2.4","2.0","264.9"
"Mike Evans","TB","WR8","0.3","1.8","0.0","83.5","1,158.4","10.7","0.7","262.3"
"Tyreek Hill","MIA","WR9","8.4","60.1","0.4","92.1","1,143.5","7.6","0.8","259.0"
"D'Andre Swift","DET","RB9","215.7","917.0","7.2","64.7","475.6","2.6","2.2","258.1"
"Mark Andrews","BAL","TE2","0.0","0.0","0.0","92.2","1,142.5","8.8","0.8","257.8"
"Leonard Fournette","TB","RB10","220.6","927.4","8.9","60.7","402.2","2.0","1.9","255.5"
"Aaron Jones","GB","RB11","190.4","898.4","6.3","60.0","476.2","3.8","1.5","255.3"
"Keenan Allen","LAC","WR10","0.3","0.5","0.0","102.2","1,103.2","6.8","0.8","251.7"
"DJ Moore","CAR","WR11","4.6","29.6","0.1","87.4","1,180.2","5.6","0.8","240.8"
"James Conner","ARI","RB12","228.7","930.3","10.6","42.1","331.7","2.1","2.1","240.4"
"Tee Higgins","CIN","WR12","0.3","1.0","0.0","83.1","1,134.2","7.4","0.8","239.7"
"Saquon Barkley","NYG","RB13","233.7","968.4","6.1","56.1","398.2","2.4","2.0","239.7"
"Michael Pittman Jr.","IND","WR13","3.7","28.4","0.0","88.7","1,100.8","6.4","0.8","238.7"
"Diontae Johnson","PIT","WR14","4.3","32.8","0.1","94.5","1,065.1","6.0","1.4","238.3"
"Javonte Williams","DEN","RB14","227.5","1,021.4","6.9","46.4","338.9","2.8","2.0","236.5"
"Brandin Cooks","HOU","WR15","2.8","19.5","0.1","92.9","1,089.9","5.5","0.7","235.8"
"David Montgomery","CHI","RB15","254.3","1,021.7","7.7","44.9","336.4","1.8","1.9","233.8"
"Nick Chubb","CLE","RB16","249.2","1,276.8","8.9","26.9","219.6","1.1","2.0","232.9"
"A.J. Brown","PHI","WR16","0.5","5.5","0.0","77.7","1,102.7","7.5","0.7","232.0"
"Jaylen Waddle","MIA","WR17","3.6","20.1","0.4","91.6","989.2","6.1","0.9","229.7"
"DK Metcalf","SEA","WR18","0.3","1.5","0.0","79.0","1,072.9","6.7","0.8","224.9"
"Terry McLaurin","WAS","WR19","0.3","3.3","0.0","80.2","1,081.3","6.0","0.7","223.4"
"Cam Akers","LAR","RB17","254.2","1,106.1","7.3","36.9","292.9","1.6","3.4","223.3"
"Mike Williams","LAC","WR20","0.0","0.3","0.0","70.8","1,057.5","7.8","0.6","222.3"
"Ezekiel Elliott","DAL","RB18","227.2","961.5","8.1","40.6","264.1","2.0","1.5","220.7"
"Jerry Jeudy","DEN","WR21","1.5","6.8","0.0","77.2","1,079.5","5.8","0.9","218.9"
"Antonio Gibson","WAS","RB19","241.8","1,022.5","7.9","36.1","251.5","2.0","2.8","217.2"
"Josh Jacobs","LV","RB20","242.5","1,001.6","8.8","35.5","249.8","0.6","1.9","213.3"
"Courtland Sutton","DEN","WR22","0.3","0.8","0.0","72.3","1,017.0","6.7","0.7","213.0"
"Amari Cooper","CLE","WR23","0.3","0.8","0.0","76.7","971.3","6.2","0.8","209.5"
"Darnell Mooney","CHI","WR24","4.3","22.2","0.3","76.0","1,023.8","4.7","0.7","209.5"
"Amon-Ra St. Brown","DET","WR25","8.0","56.3","0.5","81.7","882.4","5.3","0.8","208.8"
"Michael Thomas","NO","WR26","0.3","-1.0","0.0","80.6","944.6","5.7","0.7","207.6"
"Darren Waller","LV","TE3","0.0","0.0","0.0","80.6","973.2","5.1","0.7","207.3"
"Tyler Lockett","SEA","WR27","2.1","11.1","0.1","76.8","986.2","5.1","0.7","205.9"
"J.K. Dobbins","BAL","RB21","193.3","969.5","8.1","32.6","237.3","1.1","1.5","205.7"
"Allen Robinson II","LAR","WR28","0.0","0.0","0.0","73.5","937.4","6.5","0.7","204.7"
"Marquise Brown","ARI","WR29","1.4","8.4","0.1","76.0","935.5","5.8","0.9","203.9"
"Breece Hall","NYJ","RB22","218.5","953.7","5.9","36.8","292.4","1.5","2.0","201.9"
"Travis Etienne Jr.","JAC","RB23","169.4","734.6","4.8","50.0","402.2","2.1","1.9","201.2"
"Elijah Mitchell","SF","RB24","260.6","1,129.0","7.8","21.9","156.2","1.2","1.8","200.4"
"George Kittle","SF","TE4","0.0","0.0","0.0","75.8","921.4","5.5","0.8","199.2"
"Adam Thielen","MIN","WR30","0.5","1.5","0.0","72.1","798.0","8.0","0.8","198.5"
"JuJu Smith-Schuster","KC","WR31","2.4","11.6","0.6","75.3","815.5","6.3","0.8","197.8"
"Gabriel Davis","BUF","WR32","0.0","0.0","0.0","58.5","889.0","8.3","0.2","196.9"
"Hunter Renfrow","LV","WR33","1.5","6.3","0.0","79.4","826.0","5.8","1.0","195.9"
"Rashod Bateman","BAL","WR34","0.0","0.0","0.0","73.5","931.1","5.0","0.8","194.9"
"Kyle Pitts","ATL","TE5","0.0","0.0","0.0","71.5","960.1","4.4","0.7","192.6"
"Cordarrelle Patterson","ATL","RB25","145.2","608.7","4.5","44.4","425.5","3.0","1.3","189.9"
"Miles Sanders","PHI","RB26","205.9","1,013.5","4.9","31.6","225.9","1.3","2.0","188.8"
"Christian Kirk","JAC","WR35","0.5","5.0","0.0","72.8","875.6","4.6","0.7","187.2"
"Russell Gage","TB","WR36","0.3","1.0","0.0","70.7","822.8","6.1","1.3","187.2"
"Elijah Moore","NYJ","WR37","5.3","44.7","0.6","64.5","823.6","5.3","0.8","185.4"
"DeVonta Smith","PHI","WR38","0.0","0.0","0.0","64.1","857.8","6.1","0.7","184.7"
"Robert Woods","TEN","WR39","7.4","51.5","0.6","68.9","802.2","4.7","0.7","184.3"
"Dalton Schultz","DAL","TE6","0.0","0.0","0.0","75.2","746.9","5.9","0.7","184.2"
"Tony Pollard","DAL","RB27","151.0","742.3","3.6","44.4","343.1","1.9","1.4","183.1"
"Devin Singletary","BUF","RB28","187.1","854.5","5.9","34.1","218.0","1.3","1.7","181.7"
"Kareem Hunt","CLE","RB29","134.3","608.1","4.9","45.6","359.5","2.0","1.2","181.0"
"Damien Harris","NE","RB30","216.4","958.6","9.8","15.0","110.9","0.3","1.9","178.3"
"Drake London","ATL","WR40","0.8","3.0","0.0","64.8","877.2","4.5","1.2","177.4"
"Chase Claypool","PIT","WR41","8.9","52.8","0.3","61.0","856.2","4.1","0.7","176.6"
"Treylon Burks","TEN","WR42","2.6","15.0","0.1","61.1","866.9","4.9","1.2","176.5"
"Clyde Edwards-Helaire","KC","RB31","162.7","717.5","4.9","36.8","272.1","2.1","1.4","175.4"
"Kadarius Toney","NYG","WR43","8.0","52.5","0.2","66.8","765.9","4.0","0.8","172.2"
"AJ Dillon","GB","RB32","175.3","767.6","5.7","28.7","230.9","1.3","1.4","168.0"
"T.J. Hockenson","DET","TE7","0.0","0.0","0.0","68.0","699.9","5.1","0.7","167.0"
"Chase Edmonds","MIA","RB33","135.4","614.1","3.2","46.5","327.4","1.6","1.3","166.5"
"Dallas Goedert","PHI","TE8","0.0","0.0","0.0","62.0","754.1","5.0","0.7","165.8"
"Chris Godwin","TB","WR44","1.8","10.0","0.3","62.6","745.8","4.6","1.3","165.2"
"Tyler Boyd","CIN","WR45","2.3","16.8","0.0","65.3","742.8","4.2","0.7","164.8"
"Brandon Aiyuk","SF","WR46","2.6","16.1","0.0","58.7","763.7","4.9","0.8","164.4"
"Robbie Anderson","CAR","WR47","3.4","23.9","0.1","58.8","744.4","4.9","0.7","164.4"
"DeAndre Hopkins","ARI","WR48","0.0","0.5","0.0","59.1","729.7","5.6","0.7","164.3"
"DeVante Parker","NE","WR49","0.0","0.0","0.0","57.3","774.9","5.0","0.7","163.4"
"Jakobi Meyers","NE","WR50","0.3","2.3","0.0","68.1","745.3","3.4","0.7","162.0"
"Kenny Golladay","NYG","WR51","0.0","0.0","0.0","55.3","800.6","4.4","0.7","160.3"
"Michael Gallup","DAL","WR52","0.0","0.0","0.0","53.8","744.9","5.1","0.6","157.8"
"Tim Patrick","DEN","WR53","0.0","0.0","0.0","53.0","720.2","5.4","0.7","156.3"
"Allen Lazard","GB","WR54","1.8","14.9","0.0","50.5","655.9","6.0","0.6","152.5"
"Garrett Wilson","NYJ","WR55","1.0","5.7","0.0","53.8","754.2","4.1","1.2","152.2"
"Jarvis Landry","NO","WR56","3.0","15.6","0.3","57.0","696.5","3.9","0.9","151.8"
"Zach Ertz","ARI","TE9","0.0","0.0","0.0","61.1","633.7","4.7","0.6","151.6"
"Marvin Jones Jr.","JAC","WR57","0.0","0.0","0.0","56.3","664.2","5.0","0.6","151.3"
"Mike Gesicki","MIA","TE10","0.0","0.0","0.0","61.5","660.8","4.1","0.6","150.7"
"Pat Freiermuth","PIT","TE11","0.0","0.0","0.0","62.5","559.9","5.2","0.7","148.5"
"Melvin Gordon III","DEN","RB34","157.6","699.7","6.1","22.2","160.3","1.1","1.8","147.5"
"Rhamondre Stevenson","NE","RB35","167.9","719.3","5.8","22.7","176.5","0.5","1.4","147.2"
"Chris Olave","NO","WR58","0.5","2.8","0.0","49.6","706.3","4.6","0.7","147.1"
"Mecole Hardman","KC","WR59","9.1","59.7","0.5","51.9","646.1","3.9","1.3","146.3"
"Noah Fant","SEA","TE12","0.0","0.0","0.0","61.5","629.4","3.8","0.6","146.1"
"Cole Kmet","CHI","TE13","0.0","0.0","0.0","61.4","640.3","3.6","0.7","145.8"
"Marquez Valdes-Scantling","KC","WR60","0.7","4.0","0.0","43.1","708.5","4.9","0.1","143.7"
"James Robinson","JAC","RB36","152.2","673.0","5.4","24.1","174.8","0.9","1.6","143.6"
"Rashaad Penny","SEA","RB37","173.6","846.6","5.6","14.6","108.5","0.3","1.2","143.1"
"Hunter Henry","NE","TE14","0.0","0.0","0.0","51.5","567.6","5.8","0.1","143.1"
"Christian Watson","GB","WR61","1.5","8.9","0.0","49.2","664.9","4.7","1.2","142.6"
"Dawson Knox","BUF","TE15","0.0","0.0","0.0","48.6","579.1","6.0","0.1","142.0"
"Tyler Higbee","LAR","TE16","0.0","0.0","0.0","57.4","578.5","4.6","0.7","141.6"
"Rondale Moore","ARI","WR62","16.8","82.3","0.5","57.9","553.4","3.0","0.9","141.0"
"K.J. Osborn","MIN","WR63","0.3","2.5","0.0","48.7","629.3","5.0","0.6","140.5"
"Van Jefferson","LAR","WR64","2.3","18.8","0.1","45.1","640.6","4.6","0.2","138.8"
"Michael Carter","NYJ","RB38","122.8","521.7","3.0","34.0","288.6","1.1","1.2","137.0"
"Austin Hooper","TEN","TE17","0.0","0.0","0.0","56.0","525.0","4.5","0.6","134.5"
"Nyheim Hines","IND","RB39","60.9","277.8","1.7","50.1","386.6","2.0","2.4","134.0"
"Albert Okwuegbunam","DEN","TE18","0.0","0.0","0.0","52.1","543.5","4.8","0.7","134.0"
"Ken Walker III","SEA","RB40","157.5","701.8","4.5","20.5","161.2","0.6","1.8","133.7"
"Jalen Tolbert","DAL","WR65","0.5","3.0","0.0","47.1","612.7","4.3","0.7","133.2"
"Gerald Everett","LAC","TE19","0.0","0.0","0.0","53.9","543.3","4.4","1.3","131.9"
"Skyy Moore","KC","WR66","0.5","3.0","0.0","45.2","601.9","4.6","1.2","131.2"
"Jahan Dotson","WAS","WR67","0.5","2.8","0.0","48.7","646.8","3.3","1.2","131.1"
"Irv Smith Jr.","MIN","TE20","0.0","0.0","0.0","51.0","525.5","4.5","0.2","130.5"
"Nico Collins","HOU","WR68","0.0","0.0","0.0","48.3","626.3","3.3","0.2","130.1"
"George Pickens","PIT","WR69","0.5","2.3","0.0","50.4","626.0","3.2","1.2","129.9"
"Logan Thomas","WAS","TE21","0.0","0.0","0.0","50.8","523.0","4.6","0.6","129.7"
"David Njoku","CLE","TE22","0.0","0.0","0.0","46.3","568.2","4.4","0.1","129.6"
"J.D. McKissic","WAS","RB41","55.0","246.8","1.7","46.1","368.7","1.7","0.7","127.2"
"Corey Davis","NYJ","WR70","0.0","0.0","0.0","44.3","608.5","3.8","0.7","126.5"
"Jameson Williams","DET","WR71","0.5","2.8","0.0","45.0","613.4","3.6","1.1","125.8"
"DJ Chark Jr.","DET","WR72","0.3","2.0","0.0","40.8","584.5","4.2","0.1","124.3"
"Robert Tonyan","GB","TE23","0.0","0.0","0.0","46.5","511.4","4.5","0.1","124.2"
"Curtis Samuel","WAS","WR73","13.5","77.7","0.8","43.7","483.9","3.4","0.7","123.8"
"James Cook","BUF","RB42","99.1","439.9","3.2","30.0","233.7","1.5","1.3","123.2"
"Evan Engram","JAC","TE24","0.0","0.0","0.0","50.3","527.5","3.5","0.7","122.6"
"Sterling Shepard","NYG","WR74","1.3","5.5","0.0","54.0","528.4","2.6","0.6","121.5"
"Joshua Palmer","LAC","WR75","0.0","0.0","0.0","44.9","522.7","3.8","0.4","118.9"
"Jamison Crowder","BUF","WR76","0.3","1.3","0.0","47.6","489.4","3.9","0.7","118.9"
"Randall Cobb","GB","WR77","1.0","3.7","0.0","40.3","506.8","4.5","0.7","116.9"
"Donovan Peoples-Jones","CLE","WR78","0.0","0.0","0.0","39.0","602.6","3.1","0.7","116.5"
"Jamaal Williams","DET","RB43","143.1","581.4","3.3","22.2","142.5","0.8","1.2","116.4"
"John Metchie III","HOU","WR79","0.0","0.0","0.0","45.0","529.0","3.0","0.0","115.9"
"Ronald Jones II","KC","RB44","137.4","604.1","5.1","14.3","102.1","0.5","1.4","115.6"
"Raheem Mostert","MIA","RB45","119.0","573.0","3.8","17.9","140.2","0.9","0.8","115.5"
"Gus Edwards","BAL","RB46","139.4","688.7","4.2","11.4","99.2","0.3","1.3","114.1"
"Nick Westbrook-Ikhine","TEN","WR80","0.0","0.0","0.0","41.0","515.6","3.7","0.7","113.4"
"Darrell Henderson Jr.","LAR","RB47","113.3","482.4","3.9","21.0","153.2","1.3","1.1","113.2"
"Alexander Mattison","MIN","RB48","117.8","489.1","2.8","25.1","184.9","1.0","1.2","112.7"
"Cedrick Wilson Jr.","MIA","WR81","0.8","2.0","0.0","43.0","512.0","3.3","0.8","112.7"
"Kenneth Gainwell","PHI","RB49","87.8","381.1","3.9","26.3","202.4","1.2","1.3","112.5"
"James White","NE","RB50","37.2","148.0","1.1","43.7","344.8","2.2","0.2","112.3"
"A.J. Green","ARI","WR82","0.0","0.0","0.0","38.9","549.8","3.0","0.1","111.8"
"Dameon Pierce","HOU","RB51","130.1","513.5","3.4","21.9","171.7","0.8","1.8","111.6"
"Alec Pierce","IND","WR83","0.0","0.0","0.0","39.5","503.8","3.6","0.3","111.0"
"Kenyan Drake","LV","RB52","88.8","377.5","3.1","27.3","217.7","0.9","0.7","109.6"
"Marlon Mack","HOU","RB53","153.0","616.4","3.7","16.1","107.7","0.2","1.2","109.5"
"Hayden Hurst","CIN","TE25","0.0","0.0","0.0","43.9","433.3","3.9","0.7","109.1"
"Parris Campbell","IND","WR84","0.8","6.8","0.0","38.7","492.2","3.1","0.1","107.2"
"Devin Duvernay","BAL","WR85","3.3","22.0","0.1","42.5","461.6","2.7","0.4","106.9"
"Velus Jones Jr.","CHI","WR86","2.1","12.6","0.1","37.9","484.3","3.2","0.3","106.5"
"Mark Ingram II","NO","RB54","132.5","509.9","3.7","18.7","133.4","0.6","1.3","105.8"
"James Washington","DAL","WR87","0.5","3.3","0.0","32.3","473.4","4.0","0.1","103.8"
"Kendrick Bourne","NE","WR88","5.8","46.8","0.1","36.0","460.9","2.7","0.7","102.6"
"Byron Pringle","CHI","WR89","0.0","0.0","0.0","38.9","495.8","2.4","0.3","102.6"
"Rex Burkhead","HOU","RB55","80.1","305.3","2.4","29.6","229.9","1.1","0.7","102.4"
"Sammy Watkins","GB","WR90","0.8","4.4","0.0","36.7","479.5","3.0","0.7","102.0"
"Zay Jones","JAC","WR91","0.5","0.8","0.0","40.1","466.1","2.6","0.6","101.2"
"Kyle Rudolph","TB","TE26","0.0","0.0","0.0","38.7","386.5","3.9","0.1","100.8"
"Brevin Jordan","HOU","TE27","0.0","0.0","0.0","39.8","385.5","3.3","0.2","97.7"
"Darrel Williams","ARI","RB56","90.1","343.8","3.0","23.1","195.6","0.8","1.2","97.3"
"Isaiah Spiller","LAC","RB57","93.6","398.0","2.7","19.7","148.7","1.2","0.6","96.6"
"Mo Alie-Cox","IND","TE28","0.0","0.0","0.0","34.4","425.2","3.3","0.1","96.5"
"Tyler Allgeier","ATL","RB58","111.7","444.1","2.7","19.0","153.1","0.7","1.7","96.0"
"Damien Williams","ATL","RB59","89.6","361.5","2.8","22.5","160.2","1.0","1.2","95.3"
"Laviska Shenault Jr.","JAC","WR92","12.8","62.1","0.5","35.9","374.4","2.2","0.6","94.6"
"C.J. Uzomah","NYJ","TE29","0.0","0.0","0.0","40.1","384.0","2.6","0.1","94.1"
"Dee Eskridge","SEA","WR93","6.4","43.7","0.1","33.3","415.0","2.3","0.3","93.0"
"Nelson Agholor","NE","WR94","1.8","9.4","0.1","32.2","434.4","2.6","0.1","92.1"
"Rachaad White","TB","RB60","91.6","373.2","3.5","17.7","137.5","0.8","1.2","91.8"
"Braxton Berrios","NYJ","WR95","6.5","39.3","1.1","34.7","356.1","2.0","0.7","91.8"
"Cameron Brate","TB","TE30","0.0","0.0","0.0","35.7","339.3","3.6","0.1","91.2"
"Bryan Edwards","ATL","WR96","0.0","0.0","0.0","31.6","448.8","2.4","0.1","90.7"
"Adam Trautman","NO","TE31","0.0","0.0","0.0","36.2","383.8","2.6","0.6","88.9"
"Jerick McKinnon","KC","RB61","39.1","161.2","1.3","30.3","238.5","1.6","0.3","86.9"
"Jonnu Smith","NE","TE32","0.0","0.0","0.0","32.3","349.6","2.5","0.1","82.1"
"Paul Quessenberry","HOU","TE33","0.0","0.0","0.0","38.0","340.0","2.0","1.0","82.0"
"Chris Conley","HOU","WR97","0.0","0.0","0.0","30.3","403.4","2.0","0.4","81.8"
"Brian Robinson Jr.","WAS","RB62","94.3","404.8","3.0","13.0","97.4","0.5","1.2","81.7"
"Darius Slayton","NYG","WR98","0.3","-2.8","0.0","29.1","389.5","2.3","0.6","80.7"
"David Bell","CLE","WR99","0.7","4.3","0.0","29.0","389.5","2.1","0.6","79.7"
"Wan'Dale Robinson","NYG","WR100","2.6","16.0","0.1","31.4","354.4","1.6","0.3","78.0"
"Terrace Marshall Jr.","CAR","WR101","0.0","0.0","0.0","30.4","361.1","2.0","0.3","78.0"
"Dontrell Hilliard","TEN","RB63","47.3","239.4","1.7","25.8","162.3","0.5","0.7","77.6"
"Harrison Bryant","CLE","TE34","0.0","0.0","0.0","29.2","309.4","2.9","0.1","77.2"
"Olamide Zaccheaus","ATL","WR102","0.3","0.8","0.0","28.7","364.8","2.0","0.1","77.1"
"Jauan Jennings","SF","WR103","0.0","0.0","0.0","29.0","312.4","2.8","0.1","76.8"
"Tyler Conklin","NYJ","TE35","0.0","0.0","0.0","32.5","320.8","2.0","0.1","76.7"
"Jeremiah Hall","NYG","RB64","0.0","0.0","0.0","35.0","307.0","2.0","1.0","75.7"
"Phillip Dorsett II","HOU","WR104","1.1","6.6","0.0","28.5","350.3","1.8","0.2","74.8"
"Khalil Herbert","CHI","RB65","89.8","377.8","2.0","13.9","101.0","0.3","1.2","73.5"
"Ricky Seals-Jones","NYG","TE36","0.0","0.0","0.0","29.9","291.0","2.4","0.0","73.3"
"Sony Michel","MIA","RB66","103.4","431.9","2.5","8.9","57.4","0.2","0.7","72.3"
"Dan Arnold","JAC","TE37","0.0","0.0","0.0","28.0","330.4","1.8","0.7","70.3"
"Samaje Perine","CIN","RB67","68.4","291.9","1.5","17.5","122.0","0.6","0.6","70.1"
"Isaiah McKenzie","BUF","WR105","9.0","53.6","0.4","25.4","247.5","2.1","0.3","70.0"
"Matt Breida","NYG","RB68","77.0","338.5","1.7","12.8","99.2","0.7","1.7","67.4"
"Jalen Guyton","LAC","WR106","4.7","26.6","0.1","20.9","308.9","2.0","0.1","67.0"
"Amari Rodgers","GB","WR107","0.8","5.5","0.0","24.3","315.0","1.9","0.6","66.8"
"Ja'Marcus Bradley","CLE","WR108","0.0","0.0","0.0","25.4","305.9","1.7","0.0","66.1"
"Foster Moreau","LV","TE38","0.0","0.0","0.0","23.4","266.7","2.6","0.1","65.7"
"KJ Hamler","DEN","WR109","1.3","5.8","0.0","23.0","306.2","2.0","0.6","64.8"
"Ryan Nall","DAL","RB69","109.0","322.0","2.0","10.0","63.0","1.0","1.0","64.5"
"Demarcus Robinson","LV","WR110","0.0","0.0","0.0","23.5","274.0","2.1","0.2","62.9"
"Quez Watkins","PHI","WR111","0.0","0.0","0.0","22.9","291.7","1.8","0.1","62.8"
"Geoff Swaim","TEN","TE39","0.0","0.0","0.0","26.0","220.7","2.4","0.1","62.6"
"Cade Otton","TB","TE40","0.0","0.0","0.0","24.5","258.0","2.2","0.6","62.5"
"Chuba Hubbard","CAR","RB70","61.0","229.4","1.8","15.7","112.7","0.5","0.6","62.2"
"Tommy Tremble","CAR","TE41","0.0","0.0","0.0","25.3","256.2","1.9","0.1","62.1"
"Noah Brown","DAL","WR112","0.0","0.3","0.0","24.2","272.3","1.7","0.1","61.6"
"Kyle Juszczyk","SF","RB71","12.9","46.9","0.8","22.7","207.7","1.3","0.1","60.3"
"Keelan Cole Sr.","LV","WR113","0.0","0.3","0.0","20.2","293.1","1.7","0.0","59.5"
"Marquez Callaway","NO","WR114","2.2","13.3","0.1","19.2","267.6","1.9","0.0","59.2"
"Breshad Perriman","TB","WR115","0.2","0.8","0.0","18.5","280.4","2.0","0.1","58.8"
"Tylan Wallace","BAL","WR116","0.0","0.0","0.0","21.5","261.6","1.9","0.2","58.7"
"Donald Parham Jr.","LAC","TE42","0.0","0.0","0.0","21.2","226.2","2.4","0.1","57.9"
"Anthony Firkser","ATL","TE43","0.0","0.0","0.0","25.9","242.9","1.4","0.6","57.6"
"Boston Scott","PHI","RB72","61.4","268.3","2.9","7.3","52.0","0.2","0.2","57.5"
"D'Onta Foreman","CAR","RB73","77.8","327.1","2.2","6.1","56.3","0.1","0.7","57.1"
"O.J. Howard","BUF","TE44","0.0","0.0","0.0","22.0","244.7","1.8","0.1","56.8"
"Jelani Woods","IND","TE45","0.0","0.0","0.0","21.6","228.7","2.0","0.5","55.6"
"Anthony Schwartz","CLE","WR117","1.5","9.1","0.1","19.4","256.7","1.5","0.2","55.0"
"Zamir White","LV","RB74","62.3","269.4","2.3","7.5","54.5","0.2","0.3","54.5"
"Brandon Bolden","LV","RB75","32.3","143.3","0.8","17.8","162.7","0.5","1.0","53.8"
"Giovani Bernard","TB","RB76","22.4","86.7","0.5","20.9","139.8","1.1","0.1","53.0"
"Calvin Austin III","PIT","WR118","0.0","0.0","0.0","21.6","242.8","1.2","0.1","52.9"
"Quintez Cephus","DET","WR119","0.0","0.0","0.0","17.1","230.0","2.1","0.0","52.6"
"Freddie Swain","SEA","WR120","0.7","4.0","0.0","20.9","236.6","1.3","0.1","52.5"
"Pharaoh Brown","HOU","TE46","0.0","0.0","0.0","23.9","210.4","1.2","0.6","51.3"
"Romeo Doubs","GB","WR121","0.0","0.0","0.0","17.6","213.3","1.9","0.1","50.1"
"Rashard Higgins","CAR","WR122","0.0","0.0","0.0","18.1","243.9","1.2","0.1","49.7"
"James O'Shaughnessy","CHI","TE47","0.0","0.0","0.0","20.5","214.9","1.1","0.1","48.4"
"Jeff Wilson Jr.","SF","RB77","42.4","177.1","1.6","10.5","77.1","0.4","0.2","47.6"
"Craig Reynolds","DET","RB78","40.7","180.4","0.7","12.5","94.6","0.5","0.6","46.4"
"Chris Carson","SEA","RB79","45.3","201.1","1.6","9.0","63.2","0.2","0.0","46.4"
"John Bates","WAS","TE48","0.0","0.0","0.0","18.0","207.8","1.3","0.1","46.3"
"Keke Coutee","IND","WR123","0.0","0.0","0.0","17.8","204.1","1.3","0.0","45.8"
"Tyquan Thornton","NE","WR124","0.0","0.0","0.0","17.3","205.1","1.3","0.1","45.7"
"James Proche II","BAL","WR125","0.0","0.0","0.0","17.5","214.6","1.1","0.2","45.1"
"Ke'Shawn Vaughn","TB","RB80","52.4","220.4","2.2","5.4","35.5","0.1","0.7","43.7"
"Ian Thomas","CAR","TE49","0.0","0.0","0.0","19.0","185.7","1.0","0.1","43.5"
"Chris Evans","CIN","RB81","22.8","94.4","0.5","15.2","113.1","0.8","0.2","43.3"
"Trey McBride","ARI","TE50","0.0","0.0","0.0","17.5","178.3","1.5","0.5","43.2"
"Will Dissly","SEA","TE51","0.0","0.0","0.0","18.5","192.0","0.9","0.1","43.0"
"Hassan Haskins","TEN","RB82","46.2","202.8","1.2","7.9","60.9","0.3","0.1","42.8"
"Jordan Akins","NYG","TE52","0.0","0.0","0.0","19.1","182.8","1.1","0.6","42.8"
"Josh Reynolds","DET","WR126","0.0","0.0","0.0","14.2","188.4","1.5","0.1","41.6"
"Kylen Granson","IND","TE53","0.0","0.0","0.0","16.7","167.9","1.2","0.1","40.6"
"Tutu Atwell","LAR","WR127","0.0","0.0","0.0","14.6","183.5","1.3","0.2","40.3"
"Kendall Blanton","LAR","TE54","0.0","0.0","0.0","15.5","162.4","1.4","0.5","39.3"
"Tyrion Davis-Price","SF","RB83","47.1","200.5","1.6","4.7","37.0","0.1","0.1","38.5"
"Jaret Patterson","WAS","RB84","44.3","180.7","1.5","7.3","53.4","0.1","1.0","38.3"
"Juwann Winfree","GB","WR128","0.0","0.0","0.0","14.4","167.7","1.2","0.0","38.3"
"Duke Johnson Jr.","BUF","RB85","30.2","148.3","1.2","7.9","72.8","0.3","0.5","38.2"
"Marcedes Lewis","GB","TE55","0.0","0.0","0.0","16.2","154.4","1.2","0.5","37.8"
"Ben Skowronek","LAR","WR129","0.0","0.0","0.0","13.0","160.8","1.4","0.1","37.5"
"Tyler Johnson","TB","WR130","0.0","0.0","0.0","13.7","164.9","1.2","0.0","37.3"
"Zach Pascal","PHI","WR131","0.0","0.0","0.0","13.4","159.2","1.4","0.1","37.3"
"Daniel Bellinger","NYG","TE56","0.0","0.0","0.0","16.0","166.6","0.8","0.2","37.3"
"Antoine Wesley","ARI","WR132","0.0","0.0","0.0","13.1","163.9","1.3","0.1","37.1"
"Equanimeous St. Brown","CHI","WR133","0.0","0.0","0.0","12.5","182.8","1.1","0.1","37.0"
"Josiah Deguara","GB","TE57","0.0","0.0","0.0","14.2","147.3","1.4","0.1","37.0"
"Joshua Kelley","LAC","RB86","58.3","209.4","1.3","5.9","41.7","0.1","1.6","36.7"
"Damiere Byrd","ATL","WR134","0.0","0.0","0.0","15.0","172.6","0.8","0.1","36.6"
"Miles Boykin","PIT","WR135","0.0","0.0","0.0","13.2","162.8","1.1","0.0","35.7"
"Nick Boyle","BAL","TE58","0.0","0.0","0.0","14.1","132.3","1.3","0.0","35.3"
"Chad Beebe","HOU","WR136","0.0","0.0","0.0","14.0","166.2","0.8","0.0","35.2"
"Dyami Brown","WAS","WR137","0.0","0.0","0.0","12.9","160.1","1.0","0.1","35.0"
"D'Ernest Johnson","CLE","RB87","31.9","155.4","1.1","6.4","48.3","0.1","0.1","33.7"
"Maxx Williams","ARI","TE59","0.0","0.0","0.0","14.0","153.5","0.7","0.0","33.7"
"Benny Snell Jr.","PIT","RB88","44.1","169.2","1.0","6.0","42.4","0.2","0.2","33.6"
"Chris Moore","HOU","WR138","0.0","0.0","0.0","14.2","154.4","0.7","0.1","33.6"
"Matt Bushman","KC","TE60","0.0","0.0","0.0","14.0","135.0","1.0","0.0","33.5"
"DeeJay Dallas","SEA","RB89","16.2","66.9","0.6","12.5","79.8","0.5","0.2","33.4"
"Phillip Lindsay","IND","RB90","41.5","187.7","1.2","3.6","25.9","0.1","0.0","33.2"
"Greg Dulcich","DEN","TE61","0.0","0.0","0.0","12.8","133.2","1.2","0.1","33.0"
"Trent Sherfield","MIA","WR139","0.0","0.0","0.0","12.7","149.9","0.9","0.1","33.0"
"Ihmir Smith-Marsette","MIN","WR140","0.0","0.0","0.0","12.2","145.4","1.0","0.1","32.6"
"Simi Fehoko","DAL","WR141","0.0","0.0","0.0","11.0","155.0","1.0","0.0","32.5"
"Dazz Newsome","CHI","WR142","0.0","0.0","0.0","11.9","153.2","0.8","0.0","32.2"
"Jamal Agnew","JAC","WR143","8.6","56.3","0.4","9.6","109.1","0.7","0.1","32.2"
"Dez Fitzpatrick","TEN","WR144","0.0","0.0","0.0","12.0","146.7","0.9","0.0","32.2"
"Cam Sims","WAS","WR145","0.0","0.0","0.0","11.5","152.0","0.9","0.0","31.8"
"Brock Wright","DET","TE62","0.0","0.0","0.0","12.1","116.0","1.3","0.0","31.2"
"Kyle Markway","LAR","TE63","0.0","0.0","0.0","12.0","132.0","1.0","0.0","31.2"
"Durham Smythe","MIA","TE64","0.0","0.0","0.0","13.5","132.0","0.7","0.0","30.8"
"Nick Eubanks","CIN","TE65","0.0","0.0","0.0","12.0","125.0","1.0","0.0","30.5"
"Taysom Hill","NO","QB1","0.0","0.0","0.0","9.0","95.0","2.0","0.0","30.5"
"Danny Gray","SF","WR146","0.0","0.0","0.0","11.7","135.2","0.9","0.1","30.5"
"Alize Mack","GB","TE66","0.0","0.0","0.0","12.0","122.0","1.0","0.0","30.2"
"Cody Hollister","TEN","WR147","0.0","0.0","0.0","11.3","135.0","0.9","0.0","30.1"
"Ashton Dulin","IND","WR148","1.5","10.0","0.1","10.2","128.5","0.9","0.1","29.3"
"Erik Ezukanma","MIA","WR149","0.0","0.0","0.0","10.9","122.2","1.0","0.1","28.8"
"Jakeem Grant Sr.","CLE","WR150","1.1","6.6","0.0","11.1","124.2","0.7","0.0","28.6"
"Ameer Abdullah","LV","RB91","13.0","46.6","0.1","10.9","87.2","0.6","0.0","28.4"
"Tyler Kroft","SF","TE67","0.0","0.0","0.0","11.0","125.0","0.8","0.0","28.2"
"Cyril Grayson Jr.","TB","WR151","0.0","0.0","0.0","10.0","125.9","0.9","0.1","27.8"
"Laquon Treadwell","JAC","WR152","0.0","0.0","0.0","10.6","126.1","0.8","0.1","27.7"
"N'Keal Harry","CHI","WR153","0.0","0.0","0.0","10.3","124.8","0.8","0.1","27.6"
"Patrick Ricard","BAL","RB92","2.7","8.2","0.1","12.1","85.3","1.0","0.0","27.5"
"Connor Heyward","PIT","TE68","0.0","0.0","0.0","11.5","115.9","0.7","0.1","27.3"
"Tony Jones Jr.","NO","RB93","34.7","137.2","1.0","3.9","32.7","0.1","0.0","27.1"
"Javon Wims","CLE","WR154","0.0","0.0","0.0","10.7","121.5","0.7","0.0","27.1"
"Brandon Zylstra","CAR","WR155","0.0","0.0","0.0","10.6","130.7","0.6","0.1","27.0"
"Dare Ogunbowale","HOU","RB94","9.6","39.0","0.3","11.1","84.0","0.4","0.1","27.0"
"Tevin Coleman","NYJ","RB95","27.9","109.1","0.5","7.8","53.3","0.2","0.5","26.9"
"Justice Hill","BAL","RB96","27.6","109.1","0.6","7.5","53.4","0.2","1.0","26.5"
"Kenny Yeboah","NYJ","TE69","0.0","0.0","0.0","11.1","107.5","0.8","0.0","26.5"
"Noah Gray","KC","TE70","0.0","0.0","0.0","10.1","103.7","1.0","0.1","26.1"
"Jermar Jefferson","DET","RB97","21.7","98.1","1.4","4.4","30.5","0.1","0.0","26.1"
"Snoop Conner","JAC","RB98","22.4","94.0","0.7","6.3","46.5","0.2","0.1","25.8"
"Rysen John","CHI","WR156","0.0","0.0","0.0","10.0","97.0","1.0","0.0","25.7"
"Ryan Griffin","CHI","TE71","0.0","0.0","0.0","9.9","100.5","1.0","0.0","25.7"
"Drew Sample","CIN","TE72","0.0","0.0","0.0","10.8","94.4","0.9","0.0","25.4"
"Mason Schreck","HOU","TE73","0.0","0.0","0.0","10.0","93.0","1.0","0.0","25.3"
"Royce Freeman","HOU","RB99","17.3","70.7","0.4","8.5","55.4","0.3","0.0","25.1"
"Eno Benjamin","ARI","RB100","26.5","108.6","0.8","5.3","38.2","0.1","0.2","25.1"
"Ty Montgomery","NE","RB101","9.7","56.9","0.5","7.4","62.9","0.5","0.0","24.9"
"Travis Homer","SEA","RB102","16.9","93.1","0.5","6.4","52.3","0.1","0.0","24.7"
"Blake Bell","KC","TE74","0.0","0.0","0.0","10.0","95.5","0.8","0.0","24.6"
"Jake Ferguson","DAL","TE75","0.0","0.0","0.0","9.6","100.0","0.8","0.0","24.4"
"Ray-Ray McCloud","SF","WR157","0.0","0.0","0.0","10.1","94.8","0.8","0.0","24.3"
"Zack Moss","BUF","RB103","26.3","103.2","0.8","4.6","32.3","0.2","0.0","23.9"
"Mike Davis","BAL","RB104","24.4","106.9","0.5","5.5","34.6","0.2","0.1","23.6"
"Charlie Kolar","BAL","TE76","0.0","0.0","0.0","9.4","92.2","0.8","0.0","23.6"
"Josh Oliver","BAL","TE77","0.0","0.0","0.0","9.3","91.4","0.8","0.0","23.5"
"Isaiah Likely","BAL","TE78","0.0","0.0","0.0","9.4","91.7","0.8","0.0","23.4"
"Nick Vannett","NO","TE79","0.0","0.0","0.0","8.7","96.0","0.8","0.0","23.3"
"Gary Brightwell","NYG","RB105","20.6","83.7","0.7","6.0","43.0","0.1","0.1","23.2"
"Johnny Stanton","CLE","RB106","9.0","40.0","0.5","6.0","40.5","1.0","0.0","23.1"
"Myles Gaskin","MIA","RB107","22.0","88.9","0.7","5.5","39.4","0.1","0.0","22.9"
"Albert Wilson","MIN","WR158","4.4","27.7","0.2","7.6","78.4","0.6","0.0","22.7"
"Jalen Reagor","PHI","WR159","4.7","25.7","0.2","7.4","82.6","0.6","0.2","22.7"
"Ko Kieft","TB","TE80","0.0","0.0","0.0","9.2","91.8","0.7","0.0","22.6"
"Kalif Raymond","DET","WR160","0.7","4.2","0.0","7.7","101.9","0.7","0.1","22.4"
"Richard Rodgers","PHI","TE81","0.0","0.0","0.0","8.7","86.9","0.8","0.0","22.0"
"Lynn Bowden Jr.","MIA","WR161","4.5","28.5","0.2","7.3","73.3","0.5","0.0","21.9"
"Scotty Miller","TB","WR162","0.2","1.5","0.0","7.7","97.8","0.7","0.1","21.6"
"Tyler Badie","BAL","RB108","25.3","130.1","0.6","2.9","24.0","0.0","0.5","21.0"
"Andy Janovich","HOU","RB109","8.7","34.6","0.2","8.2","63.6","0.3","0.0","20.9"
"Marcus Johnson","SF","WR163","0.0","0.0","0.0","7.5","92.2","0.7","0.0","20.8"
"Jacob Harris","LAR","TE82","0.0","0.0","0.0","8.0","86.9","0.7","0.0","20.8"
"Dominique Dafney","GB","TE83","0.0","0.0","0.0","8.2","82.2","0.7","0.0","20.8"
"Richie James Jr.","NYG","WR164","0.0","0.0","0.0","8.0","100.1","0.5","0.1","20.8"
"Trestan Ebner","CHI","RB110","15.5","65.3","0.5","5.7","41.7","0.2","0.1","20.7"
"Ty'Son Williams","IND","RB111","19.9","100.9","0.6","3.5","29.7","0.1","0.0","20.6"
"Zach Gentry","PIT","TE84","0.0","0.0","0.0","8.8","81.0","0.6","0.0","20.6"
"Stephen Anderson","ARI","TE85","0.0","0.0","0.0","8.1","83.9","0.7","0.0","20.5"
"Kyren Williams","LAR","RB112","18.6","74.9","0.8","4.6","35.1","0.0","0.1","20.4"
"Mike Boone","DEN","RB113","15.0","83.2","0.9","3.5","25.1","0.1","0.0","20.2"
"Jaelon Darden","TB","WR165","0.0","0.0","0.0","7.4","85.7","0.7","0.0","20.2"
"Juwan Johnson","NO","TE86","0.0","0.0","0.0","6.5","73.4","1.0","0.0","20.0"
"Tory Carter","TEN","RB114","9.5","44.5","0.5","6.9","49.4","0.1","0.0","19.8"
"Demetric Felton Jr.","CLE","RB115","4.8","18.9","0.1","6.6","66.9","0.7","0.0","19.8"
"Jeremy Sprinkle","DAL","TE87","0.0","0.0","0.0","7.8","79.0","0.7","0.0","19.8"
"Tre' McKitty","LAC","TE88","0.0","0.0","0.0","8.4","80.7","0.5","0.0","19.6"
"Kevin Rader","PIT","TE89","0.0","0.0","0.0","8.6","69.7","0.7","0.0","19.6"
"Keith Smith","ATL","RB116","8.1","32.7","0.2","7.9","54.2","0.3","0.1","19.5"
"Keaontay Ingram","ARI","RB117","23.1","94.0","0.7","3.1","26.9","0.0","0.0","19.5"
"Khalil Shakir","BUF","WR166","1.0","6.0","0.1","6.4","81.3","0.7","0.0","19.4"
"Antony Auclair","HOU","TE90","0.0","0.0","0.0","8.3","74.4","0.6","0.0","19.4"
"Penny Hart","SEA","WR167","0.0","0.0","0.0","7.9","84.5","0.5","0.0","19.2"
"Ross Dwelley","SF","TE91","0.0","0.0","0.0","7.4","79.1","0.7","0.0","19.2"
"Samori Toure","GB","WR168","0.0","0.0","0.0","6.8","80.6","0.7","0.0","19.1"
"Jody Fortson","KC","WR169","0.0","0.0","0.0","7.0","76.4","0.7","0.0","19.0"
"Deonte Harris","NO","WR170","1.3","11.0","0.0","6.4","78.9","0.6","0.0","19.0"
"Luke Farrell","JAC","TE92","0.0","0.0","0.0","7.6","81.1","0.6","0.1","18.9"
"Garrett Griffin","DET","TE93","0.0","0.0","0.0","7.9","69.3","0.6","0.0","18.7"
"JaMycal Hasty","SF","RB118","11.0","46.6","0.6","5.9","41.0","0.1","0.0","18.7"
"Chris Manhertz","JAC","TE94","0.0","0.0","0.0","6.5","69.6","0.9","0.0","18.5"
"Tre'Quan Smith","NO","WR171","0.0","0.0","0.0","6.6","82.9","0.6","0.1","18.5"
"Anthony Miller","PIT","WR172","0.0","0.0","0.0","7.4","79.3","0.5","0.0","18.3"
"Qadree Ollison","ATL","RB119","12.6","51.2","0.4","5.7","39.2","0.2","0.1","18.1"
"Johnny Mundt","MIN","TE95","0.0","0.0","0.0","6.9","70.4","0.7","0.0","18.0"
"Adam Shaheen","MIA","TE96","0.0","0.0","0.0","7.7","74.0","0.5","0.0","17.9"
"Trey Sermon","SF","RB120","14.8","60.1","0.5","4.6","30.7","0.2","0.0","17.9"
"Christian Blake","ARI","WR173","0.0","0.0","0.0","7.0","79.9","0.5","0.0","17.8"
"Keelan Doss","NYG","WR174","0.0","0.0","0.0","7.2","79.4","0.4","0.0","17.7"
"Kristian Wilkerson","NE","WR175","0.0","0.0","0.0","6.7","78.4","0.5","0.0","17.6"
"Jeremy Ruckert","NYJ","TE97","0.0","0.0","0.0","6.8","68.5","0.6","0.0","17.5"
"DeAndre Carter","LAC","WR176","0.0","0.0","0.0","6.6","77.3","0.6","0.1","17.5"
"Kevin Harris","NE","RB121","19.6","83.6","0.6","3.0","24.3","0.0","0.0","17.5"
"Nick Muse","MIN","TE98","0.0","0.0","0.0","6.9","70.6","0.6","0.0","17.5"
"Jesper Horsted","LV","TE99","0.0","0.0","0.0","6.9","74.1","0.5","0.0","17.5"
"Racey McMath","TEN","WR177","0.0","0.0","0.0","6.5","78.6","0.5","0.1","17.2"
"Grant Calcaterra","PHI","TE100","0.0","0.0","0.0","6.6","66.6","0.7","0.0","17.2"
"Sean McKeon","DAL","TE101","0.0","0.0","0.0","6.8","68.5","0.6","0.1","17.1"
"Kyle Philips","TEN","WR178","0.0","0.0","0.0","6.5","76.3","0.5","0.0","17.1"
"Davion Davis","HOU","WR179","0.0","0.0","0.0","6.8","81.7","0.4","0.1","16.9"
"Rico Dowdle","DAL","RB122","16.6","69.2","0.5","3.6","27.3","0.1","0.0","16.9"
"Colby Parkinson","SEA","TE102","0.0","0.0","0.0","7.2","68.2","0.5","0.1","16.9"
"Tyree Jackson","PHI","TE103","0.0","0.0","0.0","6.5","64.6","0.7","0.1","16.9"
"Kene Nwangwu","MIN","RB123","13.8","58.1","0.4","4.3","30.5","0.2","0.1","16.7"
"Josh Malone","TEN","WR180","0.0","0.0","0.0","6.3","73.9","0.5","0.0","16.7"
"Ben Ellefson","MIN","TE104","0.0","0.0","0.0","6.2","62.5","0.7","0.0","16.7"
"J.J. Taylor","NE","RB124","22.4","65.4","1.2","1.5","8.2","0.1","0.0","16.3"
"C.J. Ham","MIN","RB125","5.4","21.9","0.1","6.5","48.8","0.3","0.1","16.1"
"Nsimba Webster","CHI","WR181","0.0","0.0","0.0","6.0","77.0","0.4","0.0","16.1"
"Ty Johnson","NYJ","RB126","8.0","33.4","0.2","5.7","45.0","0.2","0.1","15.9"
"Pierre Strong Jr.","NE","RB127","12.3","51.7","0.5","4.0","29.2","0.2","0.1","15.8"
"Brycen Hopkins","LAR","TE105","0.0","0.0","0.0","6.0","65.6","0.5","0.0","15.8"
"Andre Roberts","CAR","WR182","0.0","0.0","0.0","5.9","73.0","0.4","0.0","15.8"
"Abram Smith","NO","RB128","20.5","85.1","0.6","1.9","13.8","0.1","0.1","15.7"
"Jerome Ford","CLE","RB129","17.0","86.3","0.5","2.0","18.5","0.0","0.0","15.7"
"Trent Taylor","CIN","WR183","0.0","0.0","0.0","6.2","64.3","0.5","0.0","15.6"
"Tajae Sharpe","CHI","WR184","0.0","0.0","0.0","5.9","71.3","0.4","0.0","15.5"
"Trenton Cannon","TEN","RB130","7.5","30.1","0.2","5.7","43.7","0.2","0.0","15.5"
"Jake Funk","LAR","RB131","14.4","60.3","0.5","3.3","23.7","0.2","0.1","15.4"
"T.J. Vasher","DAL","WR185","0.0","0.0","0.0","5.6","64.9","0.6","0.0","15.4"
"Andrew Ogletree","IND","TE106","0.0","0.0","0.0","5.9","60.4","0.6","0.0","15.3"
"Mike Strachan","IND","WR186","0.0","0.0","0.0","5.8","68.1","0.5","0.0","15.3"
"Ty Chandler","MIN","RB132","18.0","76.7","0.6","2.0","19.5","0.0","0.0","15.0"
"Eric Tomlinson","DEN","TE107","0.0","0.0","0.0","5.9","58.7","0.5","0.0","14.9"
"Larry Rountree III","LAC","RB133","15.5","70.7","0.4","2.6","19.9","0.1","0.0","14.8"
"Mack Hollins","LV","WR187","0.0","0.0","0.0","5.1","65.0","0.5","0.0","14.6"
"Dwayne Washington","NO","RB134","14.7","63.6","0.4","2.9","21.1","0.1","0.1","14.4"
"Bisi Johnson","MIN","WR188","0.0","0.0","0.0","5.4","58.9","0.5","0.1","13.9"
"Tommy Hudson","TEN","TE108","0.0","0.0","0.0","5.5","53.7","0.5","0.0","13.8"
"Jeff Smith","NYJ","WR189","0.0","0.0","0.0","5.3","62.8","0.3","0.0","13.6"
"Anthony McFarland Jr.","PIT","RB135","12.8","53.1","0.4","3.2","23.6","0.1","0.1","13.5"
"Chigoziem Okonkwo","TEN","TE109","0.0","0.0","0.0","5.3","55.7","0.5","0.0","13.5"
"Mike Thomas","CIN","WR190","0.0","0.0","0.0","5.1","58.5","0.4","0.0","13.4"
"Dezmon Patmon","IND","WR191","0.0","0.0","0.0","5.0","59.5","0.4","0.0","13.2"
"Marquise Goodwin","SEA","WR192","0.0","0.0","0.0","4.8","66.8","0.3","0.0","13.2"
"Shi Smith","CAR","WR193","0.0","0.0","0.0","5.0","61.2","0.3","0.0","13.0"
"Cole Turner","WAS","TE110","0.0","0.0","0.0","5.2","53.7","0.4","0.0","13.0"
"Hunter Long","MIA","TE111","0.0","0.0","0.0","5.3","50.0","0.5","0.0","13.0"
"Godwin Igwebuike","DET","RB136","8.2","35.0","0.3","4.0","29.4","0.2","0.1","12.9"
"Derrick Gore","KC","RB137","4.4","17.9","0.2","4.7","36.2","0.3","0.0","12.9"
"Tommy Sweeney","BUF","TE112","0.0","0.0","0.0","5.2","48.5","0.5","0.0","12.8"
"Tyron Johnson","LV","WR194","0.0","0.0","0.0","4.5","57.2","0.4","0.0","12.4"
"Isaiah Coulter","CHI","WR195","0.0","0.0","0.0","4.5","58.2","0.3","0.0","12.3"
"Denzel Mims","NYJ","WR196","0.0","0.0","0.0","4.5","57.8","0.3","0.0","12.2"
"KhaDarel Hodge","ATL","WR197","0.0","0.0","0.0","4.6","56.2","0.3","0.0","11.7"
"Jakob Johnson","LV","RB138","4.0","16.5","0.2","4.4","32.7","0.3","0.1","11.6"
"Andrew Beck","DEN","TE113","4.7","18.9","0.2","4.4","31.9","0.2","0.0","11.5"
"Tyrie Cleveland","DEN","WR198","0.0","0.0","0.0","4.3","50.0","0.4","0.0","11.5"
"Alec Ingold","MIA","RB139","4.3","17.4","0.2","4.4","31.3","0.2","0.1","11.4"
"Devin Asiasi","NE","TE114","0.0","0.0","0.0","3.9","51.6","0.4","0.0","11.4"
"Patrick Taylor Jr.","GB","RB140","8.0","33.8","0.3","3.2","23.0","0.1","0.1","11.2"
"Stanley Morgan Jr.","CIN","WR199","0.0","0.0","0.0","4.3","48.5","0.3","0.0","11.2"
"Preston Williams","MIA","WR200","0.0","0.0","0.0","4.2","49.7","0.4","0.0","11.2"
"Mekhi Sargent","JAC","RB141","4.5","17.8","0.2","4.2","32.0","0.2","0.0","11.2"
"Isiah Pacheco","KC","RB142","10.1","41.7","0.4","2.3","15.8","0.1","0.1","11.1"
"Jordan Wilkins","TEN","RB143","5.2","21.9","0.2","3.9","28.1","0.2","0.0","10.9"
"Giovanni Ricci","CAR","TE115","4.5","18.1","0.1","4.1","31.3","0.2","0.0","10.9"
"Josh Gordon","KC","WR201","0.0","0.0","0.0","3.4","53.1","0.4","0.0","10.8"
"Darrynton Evans","CHI","RB144","8.2","34.8","0.3","2.7","20.9","0.1","0.1","10.7"
"Alex Armah Jr.","WAS","RB145","4.8","18.9","0.2","3.9","27.9","0.2","0.0","10.6"
"Justin Watson","KC","WR202","0.0","0.0","0.0","3.9","45.5","0.4","0.0","10.6"
"Parker Hesse","ATL","TE116","0.0","0.0","0.0","4.5","43.9","0.3","0.0","10.5"
"Jason Cabinda","DET","LB1","3.3","13.6","0.1","4.1","30.2","0.2","0.0","10.3"
"Trayveon Williams","CIN","RB146","4.4","17.9","0.1","4.2","29.2","0.2","0.0","10.3"
"Jace Sternberger","PIT","TE117","0.0","0.0","0.0","4.2","40.9","0.3","0.0","10.3"
"La'Mical Perine","NYJ","RB147","4.3","17.2","0.2","3.9","27.4","0.2","0.0","10.3"
"Nick Bowers","LV","TE118","0.0","0.0","0.0","4.0","42.2","0.4","0.0","10.3"
"Derek Watt","PIT","RB148","2.2","8.7","0.1","4.4","32.9","0.2","0.0","10.1"
"Greg Dortch","ARI","WR203","0.0","0.0","0.0","3.8","44.6","0.3","0.0","10.0"
"Eric Saubert","DEN","TE119","0.0","0.0","0.0","4.1","38.0","0.4","0.0","10.0"
"Hunter Kampmoyer","LAC","TE120","0.0","0.0","0.0","3.8","39.6","0.4","0.0","10.0"
"Kendall Hinton","DEN","WR204","0.0","0.0","0.0","3.7","42.3","0.3","0.0","10.0"
"Seth Williams","DEN","WR205","0.0","0.0","0.0","3.7","42.5","0.3","0.0","10.0"
"Kylin Hill","GB","RB149","6.6","26.8","0.2","3.2","23.1","0.1","0.0","9.9"
"Malik Taylor","GB","WR206","0.0","0.0","0.0","3.6","43.2","0.3","0.0","9.9"
"Teagan Quitoriano","HOU","TE121","0.0","0.0","0.0","4.1","41.6","0.3","0.0","9.9"
"Ryquell Armstead","JAC","RB150","5.9","24.6","0.2","3.0","24.1","0.1","0.0","9.8"
"Corey Coleman","KC","WR207","0.0","0.0","0.0","3.4","42.4","0.3","0.0","9.7"
"Reggie Gilliam","BUF","RB151","0.0","0.0","0.0","4.3","36.0","0.3","0.0","9.7"
"Marquez Stevenson","BUF","WR208","0.0","0.0","0.0","3.5","41.1","0.3","0.0","9.7"
"Greg Ward","PHI","WR209","0.0","0.0","0.0","4.0","34.9","0.3","0.0","9.5"
"Jacob Hollister","LV","TE122","0.0","0.0","0.0","4.0","35.0","0.3","0.0","9.5"
"Trenton Irwin","CIN","WR210","0.0","0.0","0.0","3.6","40.1","0.3","0.0","9.4"
"Khari Blasingame","CHI","RB152","2.4","9.8","0.1","3.8","29.4","0.2","0.0","9.4"
"Jalen Nailor","MIN","WR211","0.0","0.0","0.0","3.4","39.9","0.3","0.0","9.2"
"Lil'Jordan Humphrey","NE","WR212","0.0","0.0","0.0","3.4","42.5","0.3","0.0","9.2"
"Steven Sims Jr.","PIT","WR213","0.0","0.0","0.0","3.7","39.3","0.2","0.0","8.8"
"Antonio Williams","NYG","RB153","7.4","32.2","0.3","2.1","15.0","0.1","0.1","8.8"
"Charlie Woerner","SF","TE123","0.0","0.0","0.0","3.5","31.6","0.4","0.0","8.8"
"Nick Bawden","NYJ","RB154","0.0","0.0","0.0","4.3","31.5","0.2","0.0","8.7"
"Michael Burton","KC","RB155","5.8","23.6","0.3","2.3","17.1","0.2","0.0","8.7"
"Malik Turner","SF","WR214","0.0","0.0","0.0","3.2","35.2","0.3","0.0","8.7"
"Tyler Mabry","SEA","TE124","0.0","0.0","0.0","3.6","36.5","0.2","0.0","8.6"
"Miller Forristall","CLE","TE125","0.0","0.0","0.0","3.4","34.9","0.3","0.1","8.5"
"David Moore","CHI","WR215","0.0","0.0","0.0","2.9","43.4","0.2","0.0","8.5"
"Dax Milne","WAS","WR216","0.0","0.0","0.0","3.3","38.8","0.2","0.0","8.5"
"Cody Core","MIA","WR217","0.0","0.0","0.0","3.5","37.8","0.2","0.0","8.5"
"Collin Johnson","NYG","WR218","0.0","0.0","0.0","3.5","39.5","0.2","0.0","8.5"
"David Sills V","NYG","WR219","0.0","0.0","0.0","3.5","38.7","0.2","0.0","8.4"
"Trinity Benson","DET","WR220","0.0","0.0","0.0","3.4","39.8","0.2","0.0","8.4"
"Mataeo Durant","PIT","RB156","7.4","30.8","0.2","2.1","14.3","0.1","0.0","8.1"
"Nakia Griffin-Stewart","CLE","TE126","0.0","0.0","0.0","3.3","32.9","0.3","0.0","8.1"
"KeeSean Johnson","SF","WR221","0.0","0.0","0.0","3.0","30.9","0.3","0.0","8.1"
"Dante Pettis","CHI","WR222","0.0","0.0","0.0","2.9","40.8","0.2","0.0","8.1"
"Andy Isabella","ARI","WR223","0.0","0.0","0.0","3.0","37.1","0.2","0.0","8.1"
"J.J. Arcega-Whiteside","PHI","WR224","0.0","0.0","0.0","3.0","35.3","0.2","0.0","7.9"
"Daurice Fountain","KC","WR225","0.0","0.0","0.0","2.9","33.6","0.3","0.0","7.8"
"Frank Darby","ATL","WR226","0.0","0.0","0.0","3.2","36.4","0.2","0.0","7.8"
"Cameron Batson","ATL","WR227","0.0","0.0","0.0","3.2","35.6","0.2","0.0","7.8"
"Geronimo Allison","ATL","WR228","0.0","0.0","0.0","3.2","35.8","0.2","0.0","7.7"
"Jason Moore Jr.","LAC","WR229","0.0","0.0","0.0","2.8","34.3","0.3","0.0","7.7"
"Cody Thompson","SEA","WR230","0.0","0.0","0.0","3.2","34.6","0.2","0.0","7.6"
"Auden Tate","ATL","WR231","0.0","0.0","0.0","2.9","35.2","0.2","0.0","7.5"
"Jason Huntley","PHI","RB157","6.6","28.3","0.2","1.7","11.9","0.1","0.1","7.4"
"Deon Jackson","IND","RB158","8.7","37.4","0.3","1.0","6.9","0.0","0.1","7.3"
"Travis Fulgham","DEN","WR232","0.0","0.0","0.0","2.6","31.1","0.3","0.0","7.2"
"Adam Prentice","NO","RB159","4.4","18.7","0.1","2.0","14.7","0.1","0.0","6.9"
"Justyn Ross","KC","WR233","0.0","0.0","0.0","1.9","21.3","0.2","0.0","5.2"
"Brandon Powell","LAR","WR234","0.0","0.0","0.0","1.8","20.3","0.2","0.0","4.7"
"Mitchell Wilcox","CIN","TE127","0.0","0.0","0.0","1.8","18.4","0.2","0.0","4.6"
"James Mitchell","DET","TE128","0.0","0.0","0.0","1.8","18.4","0.2","0.0","4.5"
"Stephen Sullivan","CAR","TE129","0.0","0.0","0.0","1.8","19.0","0.1","0.0","4.4"
"Tre Nixon","NE","WR235","0.0","0.0","0.0","1.7","19.2","0.1","0.0","4.4"
"Jack Stoll","PHI","TE130","0.0","0.0","0.0","1.7","16.5","0.2","0.0","4.3"
"Bo Melton","SEA","WR236","0.0","0.0","0.0","1.7","18.7","0.1","0.0","4.1"
"John FitzPatrick","ATL","TE131","0.0","0.0","0.0","1.7","17.4","0.1","0.0","4.1"
"Gabe Nabers","LAC","RB160","4.4","18.9","0.2","0.0","0.0","0.0","0.0","2.9"
"Sammis Reyes","WAS","TE132","0.0","0.0","0.0","0.9","8.9","0.1","0.0","2.2"
"Gunner Olszewski","PIT","WR237","0.0","0.0","0.0","0.8","9.3","0.0","0.0","2.0"
"Jared Pinkney","LAR","TE133","0.0","0.0","0.0","0.5","4.4","0.0","0.0","1.2"
"Devin Funchess","DET","WR238","0.0","0.0","0.0","0.4","4.5","0.0","0.0","1.0"
"Devine Ozigbo","NO","RB161","0.6","2.4","0.0","0.2","1.8","0.0","0.0","0.8"
"Nate McCrary","BAL","RB162","0.0","0.0","0.0","0.0","0.0","0.0","0.0","0.0"
"Trevon Wesco","NYJ","TE134","0.0","0.0","0.0","0.0","0.0","0.0","0.0","0.0"
"Deon Cain","PHI","WR239","0.0","0.0","0.0","0.0","0.0","0.0","0.0","0.0"
"John Kelly","CLE","RB163","0.0","0.0","0.0","0.0","0.0","0.0","0.0","0.0"
"Alex Ellis","ARI","TE135","0.0","0.0","0.0","0.0","0.0","0.0","0.0","0.0"
"Joe Reed","LAC","WR240","0.0","0.0","0.0","0.0","0.0","0.0","0.0","0.0"
"River Cracraft","MIA","WR241","0.0","0.0","0.0","0.0","0.0","0.0","0.0","0.0"
"John Hightower","PHI","WR242","0.0","0.0","0.0","0.0","0.0","0.0","0.0","0.0"
"Kevin White","NO","WR243","0.0","0.0","0.0","0.0","0.0","0.0","0.0","0.0"
"Spencer Brown","BUF","OT1","0.0","0.0","0.0","0.0","0.0","0.0","0.0","0.0"
"Noah Togiai","PHI","TE136","0.0","0.0","0.0","0.0","0.0","0.0","0.0","0.0"
"Colin Thompson","CAR","TE137","0.0","0.0","0.0","0.0","0.0","0.0","0.0","0.0"
"Alex Erickson","WAS","WR244","0.0","0.0","0.0","0.0","0.0","0.0","0.0","0.0"
"Maurice Ffrench","LAC","WR245","0.0","0.0","0.0","0.0","0.0","0.0","0.0","0.0"
"Kelvin Harmon","WAS","WR246","0.0","0.0","0.0","0.0","0.0","0.0","0.0","0.0"
"Nathan Cottrell","JAC","RB164","0.0","0.0","0.0","0.0","0.0","0.0","0.0","0.0"
"Codey McElroy","TB","TE138","0.0","0.0","0.0","0.0","0.0","0.0","0.0","0.0"
"Robert Foster","NYG","WR247","0.0","0.0","0.0","0.0","0.0","0.0","0.0","0.0"
"Damarea Crockett","DEN","RB165","0.0","0.0","0.0","0.0","0.0","0.0","0.0","0.0"
"Mason Kinsey","TEN","WR248","0.0","0.0","0.0","0.0","0.0","0.0","0.0","0.0"
"Darius Bradwell","CAR","RB166","0.0","0.0","0.0","0.0","0.0","0.0","0.0","0.0"
"Tanner Hudson","SF","TE139","0.0","0.0","0.0","0.0","0.0","0.0","0.0","0.0"
"Dillon Stoner","LV","WR249","0.0","0.0","0.0","0.0","0.0","0.0","0.0","0.0"
"Austin Mack","SF","WR250","0.0","0.0","0.0","0.0","0.0","0.0","0.0","0.0"
"Taiwan Jones","BUF","RB167","0.0","0.0","0.0","0.0","0.0","0.0","0.0","0.0"
"J.P. Holtz","NO","TE140","0.0","0.0","0.0","0.0","0.0","0.0","0.0","0.0"
"Antonio Gandy-Golden","WAS","WR251","0.0","0.0","0.0","0.0","0.0","0.0","0.0","0.0"
"Gerrid Doaks","MIA","RB168","0.0","0.0","0.0","0.0","0.0","0.0","0.0","0.0"
"Vyncint Smith","TB","WR252","0.0","0.0","0.0","0.0","0.0","0.0","0.0","0.0"
"John Lovett","MIA","QB2","0.0","0.0","0.0","0.0","0.0","0.0","0.0","0.0"
"Troy Fumagalli","SF","TE141","0.0","0.0","0.0","0.0","0.0","0.0","0.0","0.0"
"Kirk Merritt","NO","WR253","0.0","0.0","0.0","0.0","0.0","0.0","0.0","0.0"
"C.J. Board","NYG","WR254","0.0","0.0","0.0","0.0","0.0","0.0","0.0","0.0"
"Dan Chisena","MIN","WR255","0.0","0.0","0.0","0.0","0.0","0.0","0.0","0.0"
"Tom Kennedy","DET","WR256","0.0","0.0","0.0","0.0","0.0","0.0","0.0","0.0"
"Tanner Gentry","BUF","WR257","0.0","0.0","0.0","0.0","0.0","0.0","0.0","0.0"
"Jonathan Williams","WAS","RB169","0.0","0.0","0.0","0.0","0.0","0.0","0.0","0.0"
"J.J. Koski","LAR","WR258","0.0","0.0","0.0","0.0","0.0","0.0","0.0","0.0"
"Tavon Austin","BUF","WR259","0.0","0.0","0.0","0.0","0.0","0.0","0.0","0.0"
"Deon Yelder","ARI","TE142","0.0","0.0","0.0","0.0","0.0","0.0","0.0","0.0"
"Chris Myarick","NYG","TE143","0.0","0.0","0.0","0.0","0.0","0.0","0.0","0.0"
"Reggie Bonnafon","WAS","RB170","0.0","0.0","0.0","0.0","0.0","0.0","0.0","0.0"
"Cethan Carter","MIA","TE144","0.0","0.0","0.0","0.0","0.0","0.0","0.0","0.0"
"Lawrence Cager","NYJ","WR260","0.0","0.0","0.0","0.0","0.0","0.0","0.0","0.0"
"Kenjon Barner","TB","RB171","0.0","0.0","0.0","0.0","0.0","0.0","0.0","0.0"
"Rico Gafford","GB","CB1","0.0","0.0","0.0","0.0","0.0","0.0","0.0","0.0"
"Salvon Ahmed","MIA","RB172","0.0","0.0","0.0","0.0","0.0","0.0","0.0","0.0"
"Jordan Franks","KC","TE145","0.0","0.0","0.0","0.0","0.0","0.0","0.0","0.0"
""
""