"RK",TIERS,"PLAYER NAME",TEAM,"POS","BYE WEEK","SOS SEASON","ECR VS. ADP"
"1",1,"Josh Allen",BUF,"QB1","7","3 out of 5 stars","-"
"2",1,"Jonathan Taylor",IND,"RB1","14","3 out of 5 stars","-"
"3",1,"Christian McCaffrey",CAR,"RB2","13","3 out of 5 stars","-"
"4",2,"Austin Ekeler",LAC,"RB3","8","2 out of 5 stars","-"
"5",2,"Justin Herbert",LAC,"QB2","8","3 out of 5 stars","-"
"6",2,"Dalvin Cook",MIN,"RB4","7","4 out of 5 stars","-"
"7",2,"Patrick Mahomes II",KC,"QB3","8","2 out of 5 stars","-"
"8",2,"Najee Harris",PIT,"RB5","9","3 out of 5 stars","-"
"9",2,"Derrick Henry",TEN,"RB6","6","4 out of 5 stars","-"
"10",3,"Cooper Kupp",LAR,"WR1","7","2 out of 5 stars","-"
"11",3,"Lamar Jackson",BAL,"QB4","10","2 out of 5 stars","-"
"12",3,"Justin Jefferson",MIN,"WR2","7","2 out of 5 stars","-"
"13",3,"Joe Mixon",CIN,"RB7","10","3 out of 5 stars","-"
"14",3,"Travis Kelce",KC,"TE1","8","3 out of 5 stars","-"
"15",3,"D'Andre Swift",DET,"RB8","6","4 out of 5 stars","-"
"16",3,"Ja'Marr Chase",CIN,"WR3","10","3 out of 5 stars","-"
"17",4,"Davante Adams",LV,"WR4","6","2 out of 5 stars","-"
"18",4,"Stefon Diggs",BUF,"WR5","7","4 out of 5 stars","-"
"19",4,"Kyler Murray",ARI,"QB5","13","2 out of 5 stars","-"
"20",4,"Aaron Jones",GB,"RB9","14","3 out of 5 stars","-"
"21",4,"Jalen Hurts",PHI,"QB6","7","4 out of 5 stars","-"
"22",4,"CeeDee Lamb",DAL,"WR6","9","3 out of 5 stars","-"
"23",4,"Leonard Fournette",TB,"RB10","11","2 out of 5 stars","-"
"24",4,"Mark Andrews",BAL,"TE2","10","2 out of 5 stars","-"
"25",4,"Joe Burrow",CIN,"QB7","10","2 out of 5 stars","-"
"26",4,"Saquon Barkley",NYG,"RB11","9","3 out of 5 stars","-"
"27",4,"Mike Evans",TB,"WR7","11","4 out of 5 stars","-"
"28",5,"Tyreek Hill",MIA,"WR8","11","2 out of 5 stars","-"
"29",5,"Javonte Williams",DEN,"RB12","9","3 out of 5 stars","-"
"30",5,"Keenan Allen",LAC,"WR9","8","3 out of 5 stars","-"
"31",5,"Deebo Samuel",SF,"WR10","9","3 out of 5 stars","-"
"32",5,"Alvin Kamara",NO,"RB13","14","3 out of 5 stars","-"
"33",5,"Nick Chubb",CLE,"RB14","9","3 out of 5 stars","-"
"34",5,"Dak Prescott",DAL,"QB8","9","3 out of 5 stars","-"
"35",5,"Russell Wilson",DEN,"QB9","9","4 out of 5 stars","-"
"36",5,"Tee Higgins",CIN,"WR11","10","3 out of 5 stars","-"
"37",5,"A.J. Brown",PHI,"WR12","7","4 out of 5 stars","-"
"38",5,"Tom Brady",TB,"QB10","11","3 out of 5 stars","-"
"39",5,"Michael Pittman Jr.",IND,"WR13","14","4 out of 5 stars","-"
"40",5,"James Conner",ARI,"RB15","13","2 out of 5 stars","-"
"41",6,"Diontae Johnson",PIT,"WR14","9","4 out of 5 stars","-"
"42",6,"Matthew Stafford",LAR,"QB11","7","3 out of 5 stars","-"
"43",6,"DJ Moore",CAR,"WR15","13","3 out of 5 stars","-"
"44",6,"David Montgomery",CHI,"RB16","14","5 out of 5 stars","-"
"45",6,"Ezekiel Elliott",DAL,"RB17","9","4 out of 5 stars","-"
"46",6,"Jaylen Waddle",MIA,"WR16","11","2 out of 5 stars","-"
"47",6,"Kyle Pitts",ATL,"TE3","14","2 out of 5 stars","-"
"48",6,"Aaron Rodgers",GB,"QB12","14","2 out of 5 stars","-"
"49",6,"Cam Akers",LAR,"RB18","7","2 out of 5 stars","-"
"50",6,"Trey Lance",SF,"QB13","9","3 out of 5 stars","-"
"51",6,"Travis Etienne Jr.",JAC,"RB19","11","3 out of 5 stars","-"
"52",6,"Terry McLaurin",WAS,"WR17","14","4 out of 5 stars","-"
"53",6,"Brandin Cooks",HOU,"WR18","6","3 out of 5 stars","-"
"54",6,"Breece Hall",NYJ,"RB20","10","4 out of 5 stars","-"
"55",6,"Antonio Gibson",WAS,"RB21","14","4 out of 5 stars","-"
"56",6,"Derek Carr",LV,"QB14","6","2 out of 5 stars","-"
"57",6,"Kirk Cousins",MIN,"QB15","7","3 out of 5 stars","-"
"58",7,"DK Metcalf",SEA,"WR19","11","4 out of 5 stars","-"
"59",7,"Josh Jacobs",LV,"RB22","6","2 out of 5 stars","-"
"60",7,"Courtland Sutton",DEN,"WR20","9","4 out of 5 stars","-"
"61",7,"Mike Williams",LAC,"WR21","8","3 out of 5 stars","-"
"62",7,"George Kittle",SF,"TE4","9","4 out of 5 stars","-"
"63",7,"J.K. Dobbins",BAL,"RB23","10","4 out of 5 stars","-"
"64",7,"Amari Cooper",CLE,"WR22","9","4 out of 5 stars","-"
"65",7,"Darren Waller",LV,"TE5","6","2 out of 5 stars","-"
"66",7,"Marquise Brown",ARI,"WR23","13","2 out of 5 stars","-"
"67",7,"Elijah Mitchell",SF,"RB24","9","2 out of 5 stars","-"
"68",7,"Justin Fields",CHI,"QB16","14","4 out of 5 stars","-"
"69",7,"Tua Tagovailoa",MIA,"QB17","11","2 out of 5 stars","-"
"70",7,"AJ Dillon",GB,"RB25","14","3 out of 5 stars","-"
"71",7,"Jerry Jeudy",DEN,"WR24","9","4 out of 5 stars","-"
"72",7,"Allen Robinson II",LAR,"WR25","7","2 out of 5 stars","-"
"73",7,"Darnell Mooney",CHI,"WR26","14","3 out of 5 stars","-"
"74",8,"Miles Sanders",PHI,"RB26","7","3 out of 5 stars","-"
"75",8,"Trevor Lawrence",JAC,"QB18","11","5 out of 5 stars","-"
"76",8,"Rashod Bateman",BAL,"WR27","10","3 out of 5 stars","-"
"77",8,"Michael Thomas",NO,"WR28","14","4 out of 5 stars","-"
"78",8,"Amon-Ra St. Brown",DET,"WR29","6","3 out of 5 stars","-"
"79",8,"Clyde Edwards-Helaire",KC,"RB27","8","3 out of 5 stars","-"
"80",8,"JuJu Smith-Schuster",KC,"WR30","8","2 out of 5 stars","-"
"81",8,"Dalton Schultz",DAL,"TE6","9","3 out of 5 stars","-"
"82",8,"Kareem Hunt",CLE,"RB28","9","3 out of 5 stars","-"
"83",8,"Matt Ryan",IND,"QB19","14","3 out of 5 stars","-"
"84",8,"Damien Harris",NE,"RB29","10","4 out of 5 stars","-"
"85",8,"Chase Edmonds",MIA,"RB30","11","4 out of 5 stars","-"
"86",8,"Chris Godwin",TB,"WR31","11","4 out of 5 stars","-"
"87",8,"Elijah Moore",NYJ,"WR32","10","1 out of 5 stars","-"
"88",8,"Tony Pollard",DAL,"RB31","9","4 out of 5 stars","-"
"89",8,"Jameis Winston",NO,"QB20","14","3 out of 5 stars","-"
"90",8,"Ryan Tannehill",TEN,"QB21","6","4 out of 5 stars","-"
"91",8,"T.J. Hockenson",DET,"TE7","6","4 out of 5 stars","-"
"92",8,"Devin Singletary",BUF,"RB32","7","4 out of 5 stars","-"
"93",8,"Zach Wilson",NYJ,"QB22","10","1 out of 5 stars","-"
"94",8,"Gabriel Davis",BUF,"WR33","7","4 out of 5 stars","-"
"95",8,"Rashaad Penny",SEA,"RB33","11","2 out of 5 stars","-"
"96",8,"Adam Thielen",MIN,"WR34","7","2 out of 5 stars","-"
"97",8,"Melvin Gordon III",DEN,"RB34","9","3 out of 5 stars","-"
"98",8,"Cordarrelle Patterson",ATL,"RB35","14","1 out of 5 stars","-"
"99",8,"DeVonta Smith",PHI,"WR35","7","4 out of 5 stars","-"
"100",9,"Mac Jones",NE,"QB23","10","4 out of 5 stars","-"
"101",9,"Daniel Jones",NYG,"QB24","9","5 out of 5 stars","-"
"102",9,"Hunter Renfrow",LV,"WR36","6","2 out of 5 stars","-"
"103",9,"Dallas Goedert",PHI,"TE8","7","2 out of 5 stars","-"
"104",9,"Ken Walker III",SEA,"RB36","11","2 out of 5 stars","-"
"105",9,"Tyler Lockett",SEA,"WR37","11","4 out of 5 stars","-"
"106",9,"DeAndre Hopkins",ARI,"WR38","13","2 out of 5 stars","-"
"107",9,"Zach Ertz",ARI,"TE9","13","3 out of 5 stars","-"
"108",9,"Rhamondre Stevenson",NE,"RB37","10","4 out of 5 stars","-"
"109",9,"Drake London",ATL,"WR39","14","4 out of 5 stars","-"
"110",9,"Carson Wentz",WAS,"QB25","14","4 out of 5 stars","-"
"111",9,"Michael Carter",NYJ,"RB38","10","4 out of 5 stars","-"
"112",9,"Christian Kirk",JAC,"WR40","11","4 out of 5 stars","-"
"113",9,"Brandon Aiyuk",SF,"WR41","9","3 out of 5 stars","-"
"114",9,"Pat Freiermuth",PIT,"TE10","9","4 out of 5 stars","-"
"115",9,"Jared Goff",DET,"QB26","6","3 out of 5 stars","-"
"116",9,"Russell Gage",TB,"WR42","11","4 out of 5 stars","-"
"117",9,"Robert Woods",TEN,"WR43","6","3 out of 5 stars","-"
"118",9,"James Cook",BUF,"RB39","7","4 out of 5 stars","-"
"119",9,"Treylon Burks",TEN,"WR44","6","3 out of 5 stars","-"
"120",9,"Nyheim Hines",IND,"RB40","14","3 out of 5 stars","-"
"121",9,"Ronald Jones II",KC,"RB41","8","3 out of 5 stars","-"
"122",9,"Kadarius Toney",NYG,"WR45","9","4 out of 5 stars","-"
"123",9,"Cole Kmet",CHI,"TE11","14","5 out of 5 stars","-"
"124",9,"Allen Lazard",GB,"WR46","14","3 out of 5 stars","-"
"125",9,"Chase Claypool",PIT,"WR47","9","4 out of 5 stars","-"
"126",9,"Alexander Mattison",MIN,"RB42","7","4 out of 5 stars","-"
"127",9,"J.D. McKissic",WAS,"RB43","14","4 out of 5 stars","-"
"128",10,"Mike Gesicki",MIA,"TE12","11","3 out of 5 stars","-"
"129",10,"Davis Mills",HOU,"QB27","6","4 out of 5 stars","-"
"130",10,"Darrell Henderson Jr.",LAR,"RB44","7","2 out of 5 stars","-"
"131",10,"Jakobi Meyers",NE,"WR48","10","4 out of 5 stars","-"
"132",10,"Dawson Knox",BUF,"TE13","7","3 out of 5 stars","-"
"133",10,"Garrett Wilson",NYJ,"WR49","10","1 out of 5 stars","-"
"134",10,"Tyler Boyd",CIN,"WR50","10","3 out of 5 stars","-"
"135",10,"Chris Olave",NO,"WR51","14","4 out of 5 stars","-"
"136",10,"Michael Gallup",DAL,"WR52","9","3 out of 5 stars","-"
"137",10,"Deshaun Watson",CLE,"QB28","9","4 out of 5 stars","-"
"138",10,"Jarvis Landry",NO,"WR53","14","4 out of 5 stars","-"
"139",10,"James Robinson",JAC,"RB45","11","3 out of 5 stars","-"
"140",10,"Kenny Golladay",NYG,"WR54","9","4 out of 5 stars","-"
"141",10,"Rondale Moore",ARI,"WR55","13","2 out of 5 stars","-"
"142",10,"Kenneth Gainwell",PHI,"RB46","7","3 out of 5 stars","-"
"143",10,"DeVante Parker",NE,"WR56","10","4 out of 5 stars","-"
"144",10,"Isaiah Spiller",LAC,"RB47","8","2 out of 5 stars","-"
"145",10,"Noah Fant",SEA,"TE14","11","2 out of 5 stars","-"
"146",10,"Raheem Mostert",MIA,"RB48","11","4 out of 5 stars","-"
"147",10,"Marquez Valdes-Scantling",KC,"WR57","8","2 out of 5 stars","-"
"148",10,"Baker Mayfield",CAR,"QB29","13","3 out of 5 stars","-"
"149",10,"Hunter Henry",NE,"TE15","10","4 out of 5 stars","-"
"150",10,"Jamaal Williams",DET,"RB49","6","4 out of 5 stars","-"
"151",10,"Dameon Pierce",HOU,"RB50","6","3 out of 5 stars","-"
"152",10,"Skyy Moore",KC,"WR58","8","2 out of 5 stars","-"
"153",10,"Marcus Mariota",ATL,"QB30","14","3 out of 5 stars","-"
"154",10,"Irv Smith Jr.",MIN,"TE16","7","3 out of 5 stars","-"
"155",11,"DJ Chark Jr.",DET,"WR59","6","3 out of 5 stars","-"
"156",11,"Sony Michel",MIA,"RB51","11","4 out of 5 stars","-"
"157",11,"Robert Tonyan",GB,"TE17","14","1 out of 5 stars","-"
"158",11,"Gus Edwards",BAL,"RB52","10","4 out of 5 stars","-"
"159",11,"Albert Okwuegbunam",DEN,"TE18","9","3 out of 5 stars","-"
"160",11,"Darrel Williams",ARI,"RB53","13","2 out of 5 stars","-"
"161",11,"Tyler Higbee",LAR,"TE19","7","3 out of 5 stars","-"
"162",11,"Khalil Herbert",CHI,"RB54","14","5 out of 5 stars","-"
"163",11,"Tim Patrick",DEN,"WR60","9","4 out of 5 stars","-"
"164",11,"Mitchell Trubisky",PIT,"QB31","9","3 out of 5 stars","-"
"165",11,"Tyler Allgeier",ATL,"RB55","14","1 out of 5 stars","-"
"166",11,"Gerald Everett",LAC,"TE20","8","4 out of 5 stars","-"
"167",11,"Marlon Mack",HOU,"RB56","6","3 out of 5 stars","-"
"168",11,"Corey Davis",NYJ,"WR61","10","1 out of 5 stars","-"
"169",11,"Logan Thomas",WAS,"TE21","14","4 out of 5 stars","-"
"170",11,"Evan Engram",JAC,"TE22","11","4 out of 5 stars","-"
"171",11,"Rachaad White",TB,"RB57","11","2 out of 5 stars","-"
"172",11,"Van Jefferson",LAR,"WR62","7","2 out of 5 stars","-"
"173",11,"Jameson Williams",DET,"WR63","6","3 out of 5 stars","-"
"174",11,"D'Onta Foreman",CAR,"RB58","13","3 out of 5 stars","-"
"175",11,"Mecole Hardman",KC,"WR64","8","2 out of 5 stars","-"
"176",11,"David Njoku",CLE,"TE23","9","4 out of 5 stars","-"
"177",11,"James White",NE,"RB59","10","4 out of 5 stars","-"
"178",11,"Sterling Shepard",NYG,"WR65","9","4 out of 5 stars","-"
"179",11,"Robbie Anderson",CAR,"WR66","13","3 out of 5 stars","-"
"180",11,"Christian Watson",GB,"WR67","14","3 out of 5 stars","-"
"181",11,"Austin Hooper",TEN,"TE24","6","5 out of 5 stars","-"
"182",11,"Mark Ingram II",NO,"RB60","14","3 out of 5 stars","-"
"183",11,"Jamison Crowder",BUF,"WR68","7","4 out of 5 stars","-"
"184",11,"Jahan Dotson",WAS,"WR69","14","4 out of 5 stars","-"
"185",11,"Marvin Jones Jr.",JAC,"WR70","11","4 out of 5 stars","-"
"186",11,"Joshua Palmer",LAC,"WR71","8","3 out of 5 stars","-"
"187",11,"Nico Collins",HOU,"WR72","6","3 out of 5 stars","-"
"188",11,"Laviska Shenault Jr.",JAC,"WR73","11","4 out of 5 stars","-"
"189",11,"Kendrick Bourne",NE,"WR74","10","4 out of 5 stars","-"
"190",11,"Chuba Hubbard",CAR,"RB61","13","3 out of 5 stars","-"
"191",11,"Curtis Samuel",WAS,"WR75","14","4 out of 5 stars","-"
"192",12,"Hayden Hurst",CIN,"TE25","10","2 out of 5 stars","-"
"193",12,"George Pickens",PIT,"WR76","9","4 out of 5 stars","-"
"194",12,"Brian Robinson Jr.",WAS,"RB62","14","4 out of 5 stars","-"
"195",12,"Kenyan Drake",LV,"RB63","6","2 out of 5 stars","-"
"196",12,"A.J. Green",ARI,"WR77","13","2 out of 5 stars","-"
"197",12,"K.J. Osborn",MIN,"WR78","7","2 out of 5 stars","-"
"198",12,"Myles Gaskin",MIA,"RB64","11","4 out of 5 stars","-"
"199",12,"Donovan Peoples-Jones",CLE,"WR79","9","4 out of 5 stars","-"
"200",12,"Boston Scott",PHI,"RB65","7","3 out of 5 stars","-"
"201",12,"David Bell",CLE,"WR80","9","4 out of 5 stars","-"
"202",12,"Terrace Marshall Jr.",CAR,"WR81","13","3 out of 5 stars","-"
"203",12,"Samaje Perine",CIN,"RB66","10","3 out of 5 stars","-"
"204",12,"Kenny Pickett",PIT,"QB32","9","3 out of 5 stars","-"
"205",12,"Parris Campbell",IND,"WR82","14","4 out of 5 stars","-"
"206",12,"Drew Lock",SEA,"QB33","11","3 out of 5 stars","-"
"207",12,"Jimmy Garoppolo",SF,"QB34","9","3 out of 5 stars","-"
"208",12,"William Fuller V",FA,"WR83","-","-","-"
"209",12,"Adam Trautman",NO,"TE26","14","4 out of 5 stars","-"
"210",12,"Trey Sermon",SF,"RB67","9","2 out of 5 stars","-"
"211",12,"Jonnu Smith",NE,"TE27","10","4 out of 5 stars","-"
"212",12,"Odell Beckham Jr.",FA,"WR84","-","-","-"
"213",12,"Braxton Berrios",NYJ,"WR85","10","1 out of 5 stars","-"
"214",12,"Byron Pringle",CHI,"WR86","14","3 out of 5 stars","-"
"215",12,"Damien Williams",ATL,"RB68","14","1 out of 5 stars","-"
"216",12,"Marquez Callaway",NO,"WR87","14","4 out of 5 stars","-"
"217",12,"Zamir White",LV,"RB69","6","2 out of 5 stars","-"
"218",12,"Brevin Jordan",HOU,"TE28","6","3 out of 5 stars","-"
"219",12,"Chris Carson",SEA,"RB70","11","2 out of 5 stars","-"
"220",12,"D'Ernest Johnson",CLE,"RB71","9","3 out of 5 stars","-"
"221",12,"Dan Arnold",JAC,"TE29","11","4 out of 5 stars","-"
"222",12,"Jerick McKinnon",KC,"RB72","8","3 out of 5 stars","-"
"223",12,"Zack Moss",BUF,"RB73","7","4 out of 5 stars","-"
"224",12,"Wan'Dale Robinson",NYG,"WR88","9","4 out of 5 stars","-"
"225",12,"Bryan Edwards",ATL,"WR89","14","4 out of 5 stars","-"
"226",12,"Tyrion Davis-Price",SF,"RB74","9","2 out of 5 stars","-"
"227",12,"Mike Davis",BAL,"RB75","10","4 out of 5 stars","-"
"228",12,"Julio Jones",FA,"WR90","-","-","-"
"229",12,"John Metchie III",HOU,"WR91","6","3 out of 5 stars","-"
"230",12,"Sam Darnold",CAR,"QB35","13","3 out of 5 stars","-"
"231",12,"Zay Jones",JAC,"WR92","11","4 out of 5 stars","-"
"232",12,"KJ Hamler",DEN,"WR93","9","4 out of 5 stars","-"
"233",12,"Alec Pierce",IND,"WR94","14","4 out of 5 stars","-"
"234",12,"Rex Burkhead",HOU,"RB76","6","3 out of 5 stars","-"
"235",12,"Jalen Tolbert",DAL,"WR95","9","3 out of 5 stars","-"
"236",12,"Nelson Agholor",NE,"WR96","10","4 out of 5 stars","-"
"237",12,"Randall Cobb",GB,"WR97","14","3 out of 5 stars","-"
"238",12,"Jeff Wilson Jr.",SF,"RB77","9","2 out of 5 stars","-"
"239",12,"O.J. Howard",BUF,"TE30","7","3 out of 5 stars","-"
"240",13,"Tre'Quan Smith",NO,"WR98","14","4 out of 5 stars","-"
"241",13,"C.J. Uzomah",NYJ,"TE31","10","3 out of 5 stars","-"
"242",13,"Cedrick Wilson Jr.",MIA,"WR99","11","2 out of 5 stars","-"
"243",13,"Ty Johnson",NYJ,"RB78","10","4 out of 5 stars","-"
"244",13,"Emmanuel Sanders",BUF,"WR100","7","4 out of 5 stars","-"
"245",13,"Trey McBride",ARI,"TE32","13","3 out of 5 stars","-"
"246",13,"Darius Slayton",NYG,"WR101","9","4 out of 5 stars","-"
"247",13,"Phillip Lindsay",IND,"RB79","14","3 out of 5 stars","-"
"248",13,"Cameron Brate",TB,"TE33","11","3 out of 5 stars","-"
"249",13,"Matt Breida",NYG,"RB80","9","3 out of 5 stars","-"
"250",13,"Sammy Watkins",GB,"WR102","14","3 out of 5 stars","-"
"251",13,"Mo Alie-Cox",IND,"TE34","14","2 out of 5 stars","-"
"252",13,"Josh Reynolds",DET,"WR103","6","3 out of 5 stars","-"
"253",13,"Ke'Shawn Vaughn",TB,"RB81","11","2 out of 5 stars","-"
"254",13,"Cole Beasley",FA,"WR104","-","-","-"
"255",13,"Jalen Reagor",PHI,"WR105","7","4 out of 5 stars","-"
"256",13,"Dyami Brown",WAS,"WR106","14","4 out of 5 stars","-"
"257",13,"Justin Jackson",FA,"RB82","-","-","-"
"258",13,"Darrynton Evans",CHI,"RB83","14","5 out of 5 stars","-"
"259",13,"Quintez Cephus",DET,"WR107","6","3 out of 5 stars","-"
"260",13,"Quez Watkins",PHI,"WR108","7","4 out of 5 stars","-"
"261",13,"Hassan Haskins",TEN,"RB84","6","4 out of 5 stars","-"
"262",13,"Salvon Ahmed",MIA,"RB85","11","4 out of 5 stars","-"
"263",13,"Jared Cook",FA,"TE35","-","-","-"
"264",13,"David Johnson",FA,"RB86","-","-","-"
"265",13,"Isaiah McKenzie",BUF,"WR109","7","4 out of 5 stars","-"
"266",13,"Pierre Strong Jr.",NE,"RB87","10","4 out of 5 stars","-"
"267",13,"Kyren Williams",LAR,"RB88","7","2 out of 5 stars","-"
"268",13,"Giovani Bernard",TB,"RB89","11","2 out of 5 stars","-"
"269",13,"Duke Johnson Jr.",BUF,"RB90","7","4 out of 5 stars","-"
"270",13,"Joshua Kelley",LAC,"RB91","8","2 out of 5 stars","-"
"271",13,"T.Y. Hilton",FA,"WR110","-","-","-"
"272",13,"Eno Benjamin",ARI,"RB92","13","2 out of 5 stars","-"
"273",13,"Tevin Coleman",NYJ,"RB93","10","4 out of 5 stars","-"
"274",13,"Devontae Booker",FA,"RB94","-","-","-"
"275",13,"Latavius Murray",FA,"RB95","-","-","-"
"276",13,"Jerome Ford",CLE,"RB96","9","3 out of 5 stars","-"
"277",14,"Malcolm Brown",FA,"RB97","-","-","-"
"278",14,"Jacoby Brissett",CLE,"QB36","9","4 out of 5 stars","-"
"279",14,"Jaret Patterson",WAS,"RB98","14","4 out of 5 stars","-"
"280",14,"Chris Evans",CIN,"RB99","10","3 out of 5 stars","-"
"281",14,"Anthony Firkser",ATL,"TE36","14","2 out of 5 stars","-"
"282",14,"Devonta Freeman",FA,"RB100","-","-","-"
"283",14,"Desmond Ridder",ATL,"QB37","14","3 out of 5 stars","-"
"284",14,"Geno Smith",SEA,"QB38","11","3 out of 5 stars","-"
"285",14,"Wayne Gallman Jr.",FA,"RB101","-","-","-"
"286",14,"Demarcus Robinson",LV,"WR111","6","2 out of 5 stars","-"
"287",14,"Ricky Seals-Jones",NYG,"TE37","9","4 out of 5 stars","-"
"288",14,"Tommy Tremble",CAR,"TE38","13","3 out of 5 stars","-"
"289",14,"Taysom Hill",NO,"QB39","14","3 out of 5 stars","-"
"290",14,"Harrison Bryant",CLE,"TE39","9","4 out of 5 stars","-"
"291",14,"Tyler Conklin",NYJ,"TE40","10","3 out of 5 stars","-"
"292",14,"James Washington",DAL,"WR112","9","3 out of 5 stars","-"
"293",14,"Antonio Brown",FA,"WR113","-","-","-"
"294",14,"Teddy Bridgewater",MIA,"QB40","11","2 out of 5 stars","-"
"295",14,"Dontrell Hilliard",TEN,"RB102","6","4 out of 5 stars","-"
"296",14,"Devin Duvernay",BAL,"WR114","10","3 out of 5 stars","-"
"297",14,"Tyquan Thornton",NE,"WR115","10","4 out of 5 stars","-"
"298",14,"Tyler Badie",BAL,"RB103","10","4 out of 5 stars","-"
"299",14,"Cade Otton",TB,"TE41","11","3 out of 5 stars","-"
"300",14,"Eric Ebron",FA,"TE42","-","-","-"
"301",14,"Jalen Guyton",LAC,"WR116","8","3 out of 5 stars","-"
"302",14,"Velus Jones Jr.",CHI,"WR117","14","3 out of 5 stars","-"
"303",14,"Tyler Johnson",TB,"WR118","11","4 out of 5 stars","-"
"304",14,"Greg Dulcich",DEN,"TE43","9","3 out of 5 stars","-"
"305",14,"Snoop Conner",JAC,"RB104","11","3 out of 5 stars","-"
"306",14,"Jelani Woods",IND,"TE44","14","2 out of 5 stars","-"
"307",14,"Laquon Treadwell",JAC,"WR119","11","4 out of 5 stars","-"
"308",14,"Tarik Cohen",FA,"RB105","-","-","-"
"309",14,"Nick Westbrook-Ikhine",TEN,"WR120","6","3 out of 5 stars","-"
"310",14,"Romeo Doubs",GB,"WR121","14","3 out of 5 stars","-"
"311",14,"Keaontay Ingram",ARI,"RB106","13","2 out of 5 stars","-"
"312",14,"Khalil Shakir",BUF,"WR122","7","4 out of 5 stars","-"
"313",14,"Tyrell Williams",FA,"WR123","-","-","-"
"314",14,"Blake Jarwin",FA,"TE45","-","-","-"
"315",14,"Anthony Schwartz",CLE,"WR124","9","4 out of 5 stars","-"
"316",14,"Justyn Ross",KC,"WR125","8","2 out of 5 stars","-"
"317",14,"Dee Eskridge",SEA,"WR126","11","4 out of 5 stars","-"
"318",14,"Donald Parham Jr.",LAC,"TE46","8","4 out of 5 stars","-"
"319",14,"Foster Moreau",LV,"TE47","6","2 out of 5 stars","-"
"320",14,"Kene Nwangwu",MIN,"RB107","7","4 out of 5 stars","-"
"321",14,"Daniel Bellinger",NYG,"TE48","9","4 out of 5 stars","-"
"322",14,"Calvin Austin III",PIT,"WR127","9","4 out of 5 stars","-"
"323",14,"Derrick Gore",KC,"RB108","8","3 out of 5 stars","-"
"324",14,"DeeJay Dallas",SEA,"RB109","11","2 out of 5 stars","-"
"325",14,"Jordan Howard",FA,"RB110","-","-","-"
"326",15,"Jauan Jennings",SF,"WR128","9","3 out of 5 stars","-"
"327",15,"Jimmy Graham",FA,"TE49","-","-","-"
"328",15,"Amari Rodgers",GB,"WR129","14","3 out of 5 stars","-"
"329",15,"Matt Corral",CAR,"QB41","13","3 out of 5 stars","-"
"330",15,"Danny Gray",SF,"WR130","9","3 out of 5 stars","-"
"331",15,"Chris Herndon IV",FA,"TE50","-","-","-"
"332",15,"Olamide Zaccheaus",ATL,"WR131","14","4 out of 5 stars","-"
"333",15,"Kylen Granson",IND,"TE51","14","2 out of 5 stars","-"
"334",15,"Carlos Hyde",FA,"RB111","-","-","-"
"335",15,"Josiah Deguara",GB,"TE52","14","1 out of 5 stars","-"
"336",15,"Le'Veon Bell",FA,"RB112","-","-","-"
"337",15,"Kyle Philips",TEN,"WR132","6","3 out of 5 stars","-"
"338",15,"Zach Pascal",PHI,"WR133","7","4 out of 5 stars","-"
"339",15,"Malik Willis",TEN,"QB42","6","4 out of 5 stars","-"
"340",15,"Rashard Higgins",CAR,"WR134","13","3 out of 5 stars","-"
"341",15,"James Proche II",BAL,"WR135","10","3 out of 5 stars","-"
"342",15,"Kevin Harris",NE,"RB113","10","4 out of 5 stars","-"
"343",15,"Brandon Bolden",LV,"RB114","6","2 out of 5 stars","-"
"344",15,"Isaih Pacheco",KC,"RB115","8","3 out of 5 stars","-"
"345",15,"Craig Reynolds",DET,"RB116","6","4 out of 5 stars","-"
"346",15,"John Bates",WAS,"TE53","14","4 out of 5 stars","-"
"347",15,"Chris Conley",HOU,"WR136","6","3 out of 5 stars","-"
"348",15,"Benny Snell Jr.",PIT,"RB117","9","3 out of 5 stars","-"
"349",15,"Abram Smith",NO,"RB118","14","3 out of 5 stars","-"
"350",15,"Jeremy Ruckert",NYJ,"TE54","10","3 out of 5 stars","-"
"351",15,"Isaiah Likely",BAL,"TE55","10","2 out of 5 stars","-"
"352",15,"Tony Jones Jr.",NO,"RB119","14","3 out of 5 stars","-"
"353",15,"Kyle Rudolph",FA,"TE56","-","-","-"
"354",15,"Denzel Mims",NYJ,"WR137","10","1 out of 5 stars","-"
"355",15,"Ian Thomas",CAR,"TE57","13","3 out of 5 stars","-"
"356",15,"DeSean Jackson",FA,"WR138","-","-","-"
"357",15,"Juwan Johnson",NO,"TE58","14","4 out of 5 stars","-"
"358",15,"Jashaun Corbin",NYG,"RB120","9","3 out of 5 stars","-"
"359",15,"Tyler Huntley",BAL,"QB43","10","2 out of 5 stars","-"
"360",15,"Keelan Cole Sr.",LV,"WR139","6","2 out of 5 stars","-"
"361",15,"Kyle Juszczyk",SF,"RB121","9","2 out of 5 stars","-"
"362",15,"Jamal Agnew",JAC,"WR140","11","4 out of 5 stars","-"
"363",15,"Jordan Love",GB,"QB44","14","2 out of 5 stars","-"
"364",15,"Gardner Minshew II",PHI,"QB45","7","4 out of 5 stars","-"
"365",15,"Charlie Kolar",BAL,"TE59","10","2 out of 5 stars","-"
"366",15,"Kylin Hill",GB,"RB122","14","3 out of 5 stars","-"
"367",15,"Andy Dalton",NO,"QB46","14","3 out of 5 stars","-"
"368",15,"Ameer Abdullah",LV,"RB123","6","2 out of 5 stars","-"
"369",15,"Ryan Griffin",CHI,"TE60","14","5 out of 5 stars","-"
"370",15,"Jordan Akins",NYG,"TE61","9","4 out of 5 stars","-"
"371",15,"Freddie Swain",SEA,"WR141","11","4 out of 5 stars","-"
"372",15,"Sincere McCormick",LV,"RB124","6","2 out of 5 stars","-"
"373",15,"Will Dissly",SEA,"TE62","11","2 out of 5 stars","-"
"374",15,"Tylan Wallace",BAL,"WR142","10","3 out of 5 stars","-"
"375",15,"Auden Tate",ATL,"WR143","14","4 out of 5 stars","-"
"376",15,"Equanimeous St. Brown",CHI,"WR144","14","3 out of 5 stars","-"
"377",15,"Royce Freeman",HOU,"RB125","6","3 out of 5 stars","-"
"378",15,"Breshad Perriman",TB,"WR145","11","4 out of 5 stars","-"
"379",15,"Pharaoh Brown",HOU,"TE63","6","3 out of 5 stars","-"
"380",15,"Geoff Swaim",TEN,"TE64","6","5 out of 5 stars","-"
"381",15,"Demetric Felton Jr.",CLE,"RB126","9","3 out of 5 stars","-"
"382",15,"Jeremy McNichols",FA,"RB127","-","-","-"
"383",15,"Chigoziem Okonkwo",TEN,"TE65","6","5 out of 5 stars","-"
"384",15,"Ashton Dulin",IND,"WR146","14","4 out of 5 stars","-"
"385",16,"Anthony McFarland Jr.",PIT,"RB128","9","3 out of 5 stars","-"
"386",16,"Jalen Nailor",MIN,"WR147","7","2 out of 5 stars","-"
"387",16,"James O'Shaughnessy",CHI,"TE66","14","5 out of 5 stars","-"
"388",16,"JaMycal Hasty",SF,"RB129","9","2 out of 5 stars","-"
"389",16,"Travis Homer",SEA,"RB130","11","2 out of 5 stars","-"
"390",16,"Jalen Wydermyer",BUF,"TE67","7","3 out of 5 stars","-"
"391",16,"Jake Ferguson",DAL,"TE68","9","3 out of 5 stars","-"
"392",16,"Dez Fitzpatrick",TEN,"WR148","6","3 out of 5 stars","-"
"393",16,"Kennedy Brooks",PHI,"RB131","7","3 out of 5 stars","-"
"394",16,"Antoine Wesley",ARI,"WR149","13","2 out of 5 stars","-"
"395",16,"Durham Smythe",MIA,"TE69","11","3 out of 5 stars","-"
"396",16,"Maxx Williams",ARI,"TE70","13","3 out of 5 stars","-"
"397",16,"Jaelon Darden",TB,"WR150","11","4 out of 5 stars","-"
"398",16,"Ty Chandler",MIN,"RB132","7","4 out of 5 stars","-"
"399",16,"Deonte Harris",NO,"WR151","14","4 out of 5 stars","-"
"400",16,"N'Keal Harry",CHI,"WR152","14","3 out of 5 stars","-"
"401",16,"Tyrod Taylor",NYG,"QB47","9","5 out of 5 stars","-"
"402",16,"Phillip Dorsett II",HOU,"WR153","6","3 out of 5 stars","-"
"403",16,"Jerrion Ealy",KC,"RB133","8","3 out of 5 stars","-"
"404",16,"Mike Boone",DEN,"RB134","9","3 out of 5 stars","-"
"405",16,"Noah Brown",DAL,"WR154","9","3 out of 5 stars","-"
"406",16,"C.J. Ham",MIN,"RB135","7","4 out of 5 stars","-"
"407",16,"Miles Boykin",PIT,"WR155","9","4 out of 5 stars","-"
"408",16,"Scotty Miller",TB,"WR156","11","4 out of 5 stars","-"
"409",16,"Lil'Jordan Humphrey",NE,"WR157","10","4 out of 5 stars","-"
"410",16,"Noah Gray",KC,"TE71","8","3 out of 5 stars","-"
"411",16,"Kalif Raymond",DET,"WR158","6","3 out of 5 stars","-"
"412",16,"Nick Vannett",NO,"TE72","14","4 out of 5 stars","-"
"413",16,"Zonovan Knight",NYJ,"RB136","10","4 out of 5 stars","-"
"414",16,"D'Vonte Price",IND,"RB137","14","3 out of 5 stars","-"
"415",16,"Rico Dowdle",DAL,"RB138","9","4 out of 5 stars","-"
"416",16,"Drew Sample",CIN,"TE73","10","2 out of 5 stars","-"
"417",16,"Kalen Ballage",FA,"RB139","-","-","-"
"418",16,"Ihmir Smith-Marsette",MIN,"WR159","7","2 out of 5 stars","-"
"419",16,"Case Keenum",BUF,"QB48","7","3 out of 5 stars","-"
"420",16,"Tyler Kroft",SF,"TE74","9","4 out of 5 stars","-"
"421",16,"Taylor Heinicke",WAS,"QB49","14","4 out of 5 stars","-"
"422",16,"Dare Ogunbowale",HOU,"RB140","6","3 out of 5 stars","-"
"423",16,"Anthony Miller",PIT,"WR160","9","4 out of 5 stars","-"
"424",16,"Tre' McKitty",LAC,"TE75","8","4 out of 5 stars","-"
"425",16,"Jermar Jefferson",DET,"RB141","6","4 out of 5 stars","-"
"426",16,"Julius Chestnut",TEN,"RB142","6","4 out of 5 stars","-"
"427",16,"Ross Dwelley",SF,"TE76","9","4 out of 5 stars","-"
"428",16,"Jacob Harris",LAR,"TE77","7","3 out of 5 stars","-"
"429",16,"Albert Wilson",MIN,"WR161","7","2 out of 5 stars","-"
"430",16,"Tyler Goodson",GB,"RB143","14","3 out of 5 stars","-"
"431",16,"Marcedes Lewis",GB,"TE78","14","1 out of 5 stars","-"
"432",16,"Gary Brightwell",NYG,"RB144","9","3 out of 5 stars","-"
"433",16,"Jordan Mason",SF,"RB145","9","2 out of 5 stars","-"
"434",16,"Patrick Ricard",BAL,"RB146","10","4 out of 5 stars","-"
"435",16,"Justin Watson",KC,"WR162","8","2 out of 5 stars","-"
"436",16,"Zach Gentry",PIT,"TE79","9","4 out of 5 stars","-"
"437",16,"Cole Turner",WAS,"TE80","14","4 out of 5 stars","-"
"438",16,"Brock Wright",DET,"TE81","6","4 out of 5 stars","-"
"439",16,"Mack Hollins",LV,"WR163","6","2 out of 5 stars","-"
"440",16,"Trayveon Williams",CIN,"RB147","10","3 out of 5 stars","-"
"441",16,"Damiere Byrd",ATL,"WR164","14","4 out of 5 stars","-"
"442",16,"Godwin Igwebuike",DET,"RB148","6","4 out of 5 stars","-"
"443",16,"James Mitchell",DET,"TE82","6","4 out of 5 stars","-"
"444",16,"Antonio Gandy-Golden",WAS,"WR165","14","4 out of 5 stars","-"
"445",16,"Nick Boyle",BAL,"TE83","10","2 out of 5 stars","-"
"446",16,"Blake Bell",KC,"TE84","8","3 out of 5 stars","-"
"447",16,"Samori Toure",GB,"WR166","14","3 out of 5 stars","-"
"448",16,"Trent Sherfield",MIA,"WR167","11","2 out of 5 stars","-"
"449",16,"Jacob Hollister",LV,"TE85","6","2 out of 5 stars","-"
"450",16,"Chad Simpson",WAS,"RB149","14","4 out of 5 stars","-"
"451",16,"Qadree Ollison",ATL,"RB150","14","1 out of 5 stars","-"
"452",16,"Adam Shaheen",MIA,"TE86","11","3 out of 5 stars","-"
"453",16,"Bisi Johnson",MIN,"WR168","7","2 out of 5 stars","-"
"454",16,"Preston Williams",MIA,"WR169","11","2 out of 5 stars","-"
"455",16,"Josh Gordon",KC,"WR170","8","2 out of 5 stars","-"
"456",16,"Marquise Goodwin",SEA,"WR171","11","4 out of 5 stars","-"
"457",16,"Danny Amendola",FA,"WR172","-","-","-"
"458",16,"Shi Smith",CAR,"WR173","13","3 out of 5 stars","-"
"459",16,"Chris Manhertz",JAC,"TE87","11","4 out of 5 stars","-"
"460",16,"Ben Skowronek",LAR,"WR174","7","2 out of 5 stars","-"
"461",16,"Justice Hill",BAL,"RB151","10","4 out of 5 stars","-"
"462",16,"Johnny Mundt",MIN,"TE88","7","3 out of 5 stars","-"
"463",16,"Tutu Atwell",LAR,"WR175","7","2 out of 5 stars","-"
"464",16,"Chris Moore",HOU,"WR176","6","3 out of 5 stars","-"
"465",16,"Brycen Hopkins",LAR,"TE89","7","3 out of 5 stars","-"
"466",16,"Charleston Rambo",CAR,"WR177","13","3 out of 5 stars","-"
"467",16,"Richie James Jr.",NYG,"WR178","9","4 out of 5 stars","-"
"468",16,"Jesse James",FA,"TE90","-","-","-"
"469",16,"Larry Rountree III",LAC,"RB152","8","2 out of 5 stars","-"
"470",16,"Trevon Wesco",NYJ,"TE91","10","3 out of 5 stars","-"
"471",16,"Bo Melton",SEA,"WR179","11","4 out of 5 stars","-"
"472",16,"Cyril Grayson Jr.",TB,"WR180","11","4 out of 5 stars","-"